gid;Datum;Wert;Priorit√§t;Ausschluss
1;01.06.2023;6;0;0
2;01.06.2023;62;0;0
3;01.06.2023;37;0;0
4;01.06.2023;77;0;0
5;01.06.2023;89;0;0
6;01.06.2023;6;0;0
7;01.06.2023;77;0;0
8;01.06.2023;80;0;0
9;01.06.2023;99;0;0
10;01.06.2023;39;0;0
11;01.06.2023;15;0;0
12;01.06.2023;44;0;0
13;01.06.2023;67;0;0
14;01.06.2023;45;0;0
15;01.06.2023;29;0;0
16;01.06.2023;3;0;0
17;01.06.2023;33;0;0
20;01.06.2023;60;0;0
21;01.06.2023;96;0;0
22;01.06.2023;48;0;0
24;01.06.2023;48;0;0
25;01.06.2023;19;1;0
26;01.06.2023;54;0;0
27;01.06.2023;84;0;0
28;01.06.2023;91;0;0
29;01.06.2023;87;0;0
30;01.06.2023;77;0;0
31;01.06.2023;32;0;0
32;01.06.2023;41;0;0
33;01.06.2023;100;0;0
34;01.06.2023;31;0;0
35;01.06.2023;66;0;0
36;01.06.2023;58;0;0
37;01.06.2023;37;0;0
38;01.06.2023;38;0;0
39;01.06.2023;20;0;0
40;01.06.2023;36;0;0
42;01.06.2023;1;0;0
43;01.06.2023;46;0;0
44;01.06.2023;27;0;0
45;01.06.2023;54;0;0
46;01.06.2023;20;0;0
47;01.06.2023;51;0;0
48;01.06.2023;30;0;0
49;01.06.2023;91;0;0
50;01.06.2023;46;0;0
51;01.06.2023;23;0;0
52;01.06.2023;46;0;0
53;01.06.2023;90;0;0
54;01.06.2023;52;0;0
56;01.06.2023;60;0;0
57;01.06.2023;40;0;0
58;01.06.2023;78;0;0
60;01.06.2023;78;0;0
61;01.06.2023;89;0;0
62;01.06.2023;65;0;0
63;01.06.2023;51;0;0
64;01.06.2023;11;0;1
65;01.06.2023;96;0;0
66;01.06.2023;98;0;0
67;01.06.2023;86;0;0
68;01.06.2023;70;0;0
69;01.06.2023;26;0;0
70;01.06.2023;17;0;0
71;01.06.2023;6;0;0
72;01.06.2023;81;0;0
73;01.06.2023;28;0;0
74;01.06.2023;65;0;0
75;01.06.2023;76;0;0
76;01.06.2023;88;0;0
77;01.06.2023;98;0;0
78;01.06.2023;50;0;0
79;01.06.2023;0;0;0
80;01.06.2023;99;0;0
81;01.06.2023;40;0;0
82;01.06.2023;28;0;0
83;01.06.2023;19;0;0
84;01.06.2023;75;0;0
85;01.06.2023;69;0;0
86;01.06.2023;28;0;0
87;01.06.2023;98;0;0
88;01.06.2023;51;0;0
89;01.06.2023;56;0;0
90;01.06.2023;14;0;0
91;01.06.2023;72;0;0
92;01.06.2023;11;0;0
93;01.06.2023;29;0;0
94;01.06.2023;62;0;0
95;01.06.2023;62;0;0
96;01.06.2023;32;0;0
97;01.06.2023;8;0;0
98;01.06.2023;70;0;0
99;01.06.2023;2;0;0
100;01.06.2023;61;0;0
101;01.06.2023;64;0;0
102;01.06.2023;71;0;0
103;01.06.2023;12;0;0
104;01.06.2023;45;0;0
105;01.06.2023;66;0;0
106;01.06.2023;20;0;0
107;01.06.2023;35;0;0
108;01.06.2023;26;0;0
109;01.06.2023;33;0;0
110;01.06.2023;49;0;0
111;01.06.2023;98;0;0
112;01.06.2023;99;0;0
113;01.06.2023;24;0;0
114;01.06.2023;68;0;0
115;01.06.2023;43;0;0
116;01.06.2023;99;0;0
117;01.06.2023;52;0;0
118;01.06.2023;18;0;0
119;01.06.2023;32;0;0
120;01.06.2023;82;0;0
121;01.06.2023;67;0;0
122;01.06.2023;36;0;0
123;01.06.2023;35;0;0
124;01.06.2023;67;0;0
125;01.06.2023;19;0;0
126;01.06.2023;61;0;0
127;01.06.2023;31;0;0
128;01.06.2023;73;0;0
129;01.06.2023;51;0;0
130;01.06.2023;70;0;0
131;01.06.2023;95;0;0
132;01.06.2023;75;0;0
133;01.06.2023;8;0;0
134;01.06.2023;82;0;0
135;01.06.2023;58;0;0
136;01.06.2023;55;0;0
137;01.06.2023;75;0;0
138;01.06.2023;97;0;0
139;01.06.2023;18;0;0
140;01.06.2023;96;0;0
141;01.06.2023;36;0;0
142;01.06.2023;15;0;0
143;01.06.2023;10;0;0
144;01.06.2023;59;0;0
145;01.06.2023;17;0;0
146;01.06.2023;20;0;0
147;01.06.2023;31;0;0
148;01.06.2023;75;0;0
149;01.06.2023;8;0;0
150;01.06.2023;51;0;0
151;01.06.2023;44;0;0
152;01.06.2023;97;0;0
153;01.06.2023;6;0;0
154;01.06.2023;54;0;0
155;01.06.2023;39;0;0
156;01.06.2023;77;0;0
157;01.06.2023;84;0;0
158;01.06.2023;37;0;0
159;01.06.2023;49;0;0
160;01.06.2023;8;0;0
161;01.06.2023;67;0;0
162;01.06.2023;63;0;0
163;01.06.2023;27;0;0
164;01.06.2023;60;0;0
165;01.06.2023;95;0;0
166;01.06.2023;43;0;0
167;01.06.2023;36;0;0
168;01.06.2023;17;0;0
170;01.06.2023;32;0;0
171;01.06.2023;17;0;0
172;01.06.2023;9;0;0
173;01.06.2023;46;0;0
174;01.06.2023;8;0;0
175;01.06.2023;54;0;0
176;01.06.2023;78;0;0
177;01.06.2023;8;0;0
208;01.06.2023;99;0;0
209;01.06.2023;40;0;0
210;01.06.2023;87;0;0
1;02.06.2023;15;0;0
2;02.06.2023;15;0;0
3;02.06.2023;15;0;0
4;02.06.2023;15;0;0
5;02.06.2023;15;0;0
6;02.06.2023;15;0;0
7;02.06.2023;15;0;0
8;02.06.2023;15;0;0
9;02.06.2023;15;0;0
10;02.06.2023;15;0;0
11;02.06.2023;15;0;0
12;02.06.2023;15;0;0
13;02.06.2023;15;0;0
14;02.06.2023;15;0;0
15;02.06.2023;15;0;0
16;02.06.2023;15;0;0
17;02.06.2023;15;0;0
20;02.06.2023;15;0;0
21;02.06.2023;15;0;0
22;02.06.2023;15;0;0
24;02.06.2023;15;0;0
25;02.06.2023;15;1;0
26;02.06.2023;15;0;0
27;02.06.2023;15;0;0
28;02.06.2023;15;0;0
29;02.06.2023;15;0;0
30;02.06.2023;15;0;0
31;02.06.2023;80;0;0
32;02.06.2023;80;0;0
33;02.06.2023;80;0;0
34;02.06.2023;80;0;0
35;02.06.2023;80;0;0
36;02.06.2023;80;0;0
37;02.06.2023;80;0;0
38;02.06.2023;80;0;0
39;02.06.2023;80;0;0
40;02.06.2023;80;0;0
42;02.06.2023;80;0;0
43;02.06.2023;80;0;0
44;02.06.2023;80;0;0
45;02.06.2023;80;0;0
46;02.06.2023;80;0;0
47;02.06.2023;80;0;0
48;02.06.2023;80;0;0
49;02.06.2023;80;0;0
50;02.06.2023;80;0;0
51;02.06.2023;80;0;0
52;02.06.2023;80;0;0
53;02.06.2023;80;0;0
54;02.06.2023;80;0;0
56;02.06.2023;80;0;0
57;02.06.2023;80;0;0
58;02.06.2023;80;0;0
60;02.06.2023;80;0;0
61;02.06.2023;80;0;0
62;02.06.2023;80;0;0
63;02.06.2023;80;0;0
64;02.06.2023;80;0;1
65;02.06.2023;80;0;0
66;02.06.2023;80;0;0
67;02.06.2023;80;0;0
68;02.06.2023;80;0;0
69;02.06.2023;80;0;0
70;02.06.2023;80;0;0
71;02.06.2023;80;0;0
72;02.06.2023;80;0;0
73;02.06.2023;80;0;0
74;02.06.2023;80;0;0
75;02.06.2023;80;0;0
76;02.06.2023;80;0;0
77;02.06.2023;80;0;0
78;02.06.2023;80;0;0
79;02.06.2023;80;0;0
80;02.06.2023;80;0;0
81;02.06.2023;80;0;0
82;02.06.2023;80;0;0
83;02.06.2023;80;0;0
84;02.06.2023;80;0;0
85;02.06.2023;80;0;0
86;02.06.2023;80;0;0
87;02.06.2023;80;0;0
88;02.06.2023;80;0;0
89;02.06.2023;80;0;0
90;02.06.2023;80;0;0
91;02.06.2023;80;0;0
92;02.06.2023;80;0;0
93;02.06.2023;80;0;0
94;02.06.2023;80;0;0
95;02.06.2023;80;0;0
96;02.06.2023;80;0;0
97;02.06.2023;80;0;0
98;02.06.2023;80;0;0
99;02.06.2023;80;0;0
100;02.06.2023;80;0;0
101;02.06.2023;80;0;0
102;02.06.2023;80;0;0
103;02.06.2023;80;0;0
104;02.06.2023;80;0;0
105;02.06.2023;80;0;0
106;02.06.2023;80;0;0
107;02.06.2023;80;0;0
108;02.06.2023;80;0;0
109;02.06.2023;80;0;0
110;02.06.2023;80;0;0
111;02.06.2023;80;0;0
112;02.06.2023;80;0;0
113;02.06.2023;80;0;0
114;02.06.2023;80;0;0
115;02.06.2023;80;0;0
116;02.06.2023;80;0;0
117;02.06.2023;80;0;0
118;02.06.2023;80;0;0
119;02.06.2023;80;0;0
120;02.06.2023;80;0;0
121;02.06.2023;80;0;0
122;02.06.2023;80;0;0
123;02.06.2023;80;0;0
124;02.06.2023;80;0;0
125;02.06.2023;80;0;0
126;02.06.2023;80;0;0
127;02.06.2023;80;0;0
128;02.06.2023;80;0;0
129;02.06.2023;80;0;0
130;02.06.2023;80;0;0
131;02.06.2023;80;0;0
132;02.06.2023;80;0;0
133;02.06.2023;80;0;0
134;02.06.2023;80;0;0
135;02.06.2023;80;0;0
136;02.06.2023;80;0;0
137;02.06.2023;80;0;0
138;02.06.2023;80;0;0
139;02.06.2023;80;0;0
140;02.06.2023;80;0;0
141;02.06.2023;80;0;0
142;02.06.2023;80;0;0
143;02.06.2023;80;0;0
144;02.06.2023;80;0;0
145;02.06.2023;80;0;0
146;02.06.2023;80;0;0
147;02.06.2023;80;0;0
148;02.06.2023;80;0;0
149;02.06.2023;80;0;0
150;02.06.2023;80;0;0
151;02.06.2023;80;0;0
152;02.06.2023;80;0;0
153;02.06.2023;80;0;0
154;02.06.2023;80;0;0
155;02.06.2023;80;0;0
156;02.06.2023;80;0;0
157;02.06.2023;80;0;0
158;02.06.2023;80;0;0
159;02.06.2023;80;0;0
160;02.06.2023;80;0;0
161;02.06.2023;80;0;0
162;02.06.2023;80;0;0
163;02.06.2023;80;0;0
164;02.06.2023;80;0;0
165;02.06.2023;80;0;0
166;02.06.2023;80;0;0
167;02.06.2023;80;0;0
168;02.06.2023;80;0;0
170;02.06.2023;80;0;0
171;02.06.2023;80;0;0
172;02.06.2023;80;0;0
173;02.06.2023;80;0;0
174;02.06.2023;80;0;0
175;02.06.2023;80;0;0
176;02.06.2023;80;0;0
177;02.06.2023;80;0;0
208;02.06.2023;80;0;0
209;02.06.2023;80;0;0
210;02.06.2023;80;0;0
1;03.06.2023;93;0;0
2;03.06.2023;93;0;0
3;03.06.2023;92;0;0
4;03.06.2023;92;0;0
5;03.06.2023;91;0;0
6;03.06.2023;91;0;0
7;03.06.2023;90;0;0
8;03.06.2023;90;0;0
9;03.06.2023;89;0;0
10;03.06.2023;89;0;0
11;03.06.2023;88;0;0
12;03.06.2023;88;0;0
13;03.06.2023;87;0;0
14;03.06.2023;87;0;0
15;03.06.2023;86;0;0
16;03.06.2023;86;0;0
17;03.06.2023;85;0;0
20;03.06.2023;85;0;0
21;03.06.2023;84;0;0
22;03.06.2023;84;0;0
24;03.06.2023;83;0;0
25;03.06.2023;83;1;0
26;03.06.2023;82;0;0
27;03.06.2023;82;0;0
28;03.06.2023;81;0;0
29;03.06.2023;81;0;0
30;03.06.2023;80;0;0
31;03.06.2023;80;0;0
32;03.06.2023;79;0;0
33;03.06.2023;79;0;0
34;03.06.2023;78;0;0
35;03.06.2023;78;0;0
36;03.06.2023;77;0;0
37;03.06.2023;77;0;0
38;03.06.2023;76;0;0
39;03.06.2023;76;0;0
40;03.06.2023;75;0;0
42;03.06.2023;75;0;0
43;03.06.2023;74;0;0
44;03.06.2023;74;0;0
45;03.06.2023;73;0;0
46;03.06.2023;73;0;0
47;03.06.2023;72;0;0
48;03.06.2023;72;0;0
49;03.06.2023;71;0;0
50;03.06.2023;71;0;0
51;03.06.2023;70;0;0
52;03.06.2023;70;0;0
53;03.06.2023;69;0;0
54;03.06.2023;69;0;0
56;03.06.2023;68;0;0
57;03.06.2023;68;0;0
58;03.06.2023;67;0;0
60;03.06.2023;67;0;0
61;03.06.2023;66;0;0
62;03.06.2023;66;0;0
63;03.06.2023;65;0;0
64;03.06.2023;65;0;1
65;03.06.2023;64;0;0
66;03.06.2023;64;0;0
67;03.06.2023;63;0;0
68;03.06.2023;63;0;0
69;03.06.2023;62;0;0
70;03.06.2023;62;0;0
71;03.06.2023;61;0;0
72;03.06.2023;61;0;0
73;03.06.2023;60;0;0
74;03.06.2023;60;0;0
75;03.06.2023;59;0;0
76;03.06.2023;59;0;0
77;03.06.2023;58;0;0
78;03.06.2023;58;0;0
79;03.06.2023;57;0;0
80;03.06.2023;57;0;0
81;03.06.2023;56;0;0
82;03.06.2023;56;0;0
83;03.06.2023;55;0;0
84;03.06.2023;55;0;0
85;03.06.2023;54;0;0
86;03.06.2023;54;0;0
87;03.06.2023;53;0;0
88;03.06.2023;53;0;0
89;03.06.2023;52;0;0
90;03.06.2023;52;0;0
91;03.06.2023;51;0;0
92;03.06.2023;51;0;0
93;03.06.2023;50;0;0
94;03.06.2023;50;0;0
95;03.06.2023;49;0;0
96;03.06.2023;49;0;0
97;03.06.2023;48;0;0
98;03.06.2023;48;0;0
99;03.06.2023;47;0;0
100;03.06.2023;47;0;0
101;03.06.2023;46;0;0
102;03.06.2023;46;0;0
103;03.06.2023;45;0;0
104;03.06.2023;45;0;0
105;03.06.2023;44;0;0
106;03.06.2023;44;0;0
107;03.06.2023;43;0;0
108;03.06.2023;43;0;0
109;03.06.2023;42;0;0
110;03.06.2023;42;0;0
111;03.06.2023;41;0;0
112;03.06.2023;41;0;0
113;03.06.2023;40;0;0
114;03.06.2023;40;0;0
115;03.06.2023;39;0;0
116;03.06.2023;39;0;0
117;03.06.2023;38;0;0
118;03.06.2023;38;0;0
119;03.06.2023;37;0;0
120;03.06.2023;37;0;0
121;03.06.2023;36;0;0
122;03.06.2023;36;0;0
123;03.06.2023;35;0;0
124;03.06.2023;35;0;0
125;03.06.2023;34;0;0
126;03.06.2023;34;0;0
127;03.06.2023;33;0;0
128;03.06.2023;33;0;0
129;03.06.2023;32;0;0
130;03.06.2023;32;0;0
131;03.06.2023;31;0;0
132;03.06.2023;31;0;0
133;03.06.2023;30;0;0
134;03.06.2023;30;0;0
135;03.06.2023;29;0;0
136;03.06.2023;29;0;0
137;03.06.2023;28;0;0
138;03.06.2023;28;0;0
139;03.06.2023;27;0;0
140;03.06.2023;27;0;0
141;03.06.2023;26;0;0
142;03.06.2023;26;0;0
143;03.06.2023;25;0;0
144;03.06.2023;25;0;0
145;03.06.2023;24;0;0
146;03.06.2023;24;0;0
147;03.06.2023;23;0;0
148;03.06.2023;23;0;0
149;03.06.2023;22;0;0
150;03.06.2023;22;0;0
151;03.06.2023;21;0;0
152;03.06.2023;21;0;0
153;03.06.2023;20;0;0
154;03.06.2023;20;0;0
155;03.06.2023;19;0;0
156;03.06.2023;19;0;0
157;03.06.2023;18;0;0
158;03.06.2023;18;0;0
159;03.06.2023;17;0;0
160;03.06.2023;17;0;0
161;03.06.2023;16;0;0
162;03.06.2023;16;0;0
163;03.06.2023;15;0;0
164;03.06.2023;15;0;0
165;03.06.2023;14;0;0
166;03.06.2023;14;0;0
167;03.06.2023;13;0;0
168;03.06.2023;13;0;0
170;03.06.2023;12;0;0
171;03.06.2023;12;0;0
172;03.06.2023;11;0;0
173;03.06.2023;11;0;0
174;03.06.2023;10;0;0
175;03.06.2023;10;0;0
176;03.06.2023;9;0;0
177;03.06.2023;9;0;0
208;03.06.2023;8;0;0
209;03.06.2023;8;0;0
210;03.06.2023;7;0;0
1;04.06.2023;70;0;0
2;04.06.2023;70;0;0
3;04.06.2023;70;0;0
4;04.06.2023;70;0;0
5;04.06.2023;70;0;0
6;04.06.2023;70;0;0
7;04.06.2023;70;0;0
8;04.06.2023;70;0;0
9;04.06.2023;70;0;0
10;04.06.2023;70;0;0
11;04.06.2023;70;0;0
12;04.06.2023;70;0;0
13;04.06.2023;70;0;0
14;04.06.2023;70;0;0
15;04.06.2023;70;0;0
16;04.06.2023;70;0;0
17;04.06.2023;70;0;0
20;04.06.2023;70;0;0
21;04.06.2023;70;0;0
22;04.06.2023;70;0;0
24;04.06.2023;70;0;0
25;04.06.2023;70;1;0
26;04.06.2023;70;0;0
27;04.06.2023;70;0;0
28;04.06.2023;70;0;0
29;04.06.2023;70;0;0
30;04.06.2023;70;0;0
31;04.06.2023;70;0;0
32;04.06.2023;70;0;0
33;04.06.2023;70;0;0
34;04.06.2023;70;0;0
35;04.06.2023;70;0;0
36;04.06.2023;70;0;0
37;04.06.2023;70;0;0
38;04.06.2023;70;0;0
39;04.06.2023;70;0;0
40;04.06.2023;70;0;0
42;04.06.2023;70;0;0
43;04.06.2023;70;0;0
44;04.06.2023;70;0;0
45;04.06.2023;70;0;0
46;04.06.2023;70;0;0
47;04.06.2023;70;0;0
48;04.06.2023;70;0;0
49;04.06.2023;70;0;0
50;04.06.2023;70;0;0
51;04.06.2023;70;0;0
52;04.06.2023;70;0;0
53;04.06.2023;70;0;0
54;04.06.2023;70;0;0
56;04.06.2023;70;0;0
57;04.06.2023;70;0;0
58;04.06.2023;70;0;0
60;04.06.2023;70;0;0
61;04.06.2023;70;0;0
62;04.06.2023;70;0;0
63;04.06.2023;70;0;0
64;04.06.2023;70;0;1
65;04.06.2023;70;0;0
66;04.06.2023;70;0;0
67;04.06.2023;70;0;0
68;04.06.2023;70;0;0
69;04.06.2023;70;0;0
70;04.06.2023;70;0;0
71;04.06.2023;70;0;0
72;04.06.2023;70;0;0
73;04.06.2023;70;0;0
74;04.06.2023;70;0;0
75;04.06.2023;70;0;0
76;04.06.2023;70;0;0
77;04.06.2023;70;0;0
78;04.06.2023;70;0;0
79;04.06.2023;70;0;0
80;04.06.2023;70;0;0
81;04.06.2023;70;0;0
82;04.06.2023;70;0;0
83;04.06.2023;70;0;0
84;04.06.2023;70;0;0
85;04.06.2023;70;0;0
86;04.06.2023;70;0;0
87;04.06.2023;70;0;0
88;04.06.2023;70;0;0
89;04.06.2023;70;0;0
90;04.06.2023;70;0;0
91;04.06.2023;70;0;0
92;04.06.2023;70;0;0
93;04.06.2023;70;0;0
94;04.06.2023;70;0;0
95;04.06.2023;70;0;0
96;04.06.2023;70;0;0
97;04.06.2023;70;0;0
98;04.06.2023;70;0;0
99;04.06.2023;70;0;0
100;04.06.2023;70;0;0
101;04.06.2023;70;0;0
102;04.06.2023;70;0;0
103;04.06.2023;70;0;0
104;04.06.2023;70;0;0
105;04.06.2023;70;0;0
106;04.06.2023;70;0;0
107;04.06.2023;70;0;0
108;04.06.2023;70;0;0
109;04.06.2023;70;0;0
110;04.06.2023;70;0;0
111;04.06.2023;70;0;0
112;04.06.2023;70;0;0
113;04.06.2023;70;0;0
114;04.06.2023;70;0;0
115;04.06.2023;70;0;0
116;04.06.2023;70;0;0
117;04.06.2023;70;0;0
118;04.06.2023;70;0;0
119;04.06.2023;70;0;0
120;04.06.2023;70;0;0
121;04.06.2023;70;0;0
122;04.06.2023;70;0;0
123;04.06.2023;70;0;0
124;04.06.2023;70;0;0
125;04.06.2023;70;0;0
126;04.06.2023;70;0;0
127;04.06.2023;70;0;0
128;04.06.2023;70;0;0
129;04.06.2023;70;0;0
130;04.06.2023;70;0;0
131;04.06.2023;70;0;0
132;04.06.2023;70;0;0
133;04.06.2023;70;0;0
134;04.06.2023;70;0;0
135;04.06.2023;70;0;0
136;04.06.2023;70;0;0
137;04.06.2023;70;0;0
138;04.06.2023;70;0;0
139;04.06.2023;70;0;0
140;04.06.2023;70;0;0
141;04.06.2023;70;0;0
142;04.06.2023;70;0;0
143;04.06.2023;70;0;0
144;04.06.2023;70;0;0
145;04.06.2023;70;0;0
146;04.06.2023;70;0;0
147;04.06.2023;70;0;0
148;04.06.2023;70;0;0
149;04.06.2023;70;0;0
150;04.06.2023;70;0;0
151;04.06.2023;70;0;0
152;04.06.2023;70;0;0
153;04.06.2023;70;0;0
154;04.06.2023;70;0;0
155;04.06.2023;70;0;0
156;04.06.2023;70;0;0
157;04.06.2023;70;0;0
158;04.06.2023;70;0;0
159;04.06.2023;70;0;0
160;04.06.2023;70;0;0
161;04.06.2023;70;0;0
162;04.06.2023;70;0;0
163;04.06.2023;70;0;0
164;04.06.2023;70;0;0
165;04.06.2023;70;0;0
166;04.06.2023;70;0;0
167;04.06.2023;70;0;0
168;04.06.2023;70;0;0
170;04.06.2023;70;0;0
171;04.06.2023;70;0;0
172;04.06.2023;70;0;0
173;04.06.2023;70;0;0
174;04.06.2023;70;0;0
175;04.06.2023;70;0;0
176;04.06.2023;70;0;0
177;04.06.2023;70;0;0
208;04.06.2023;70;0;0
209;04.06.2023;70;0;0
210;04.06.2023;70;0;0
1;05.06.2023;15;0;0
2;05.06.2023;15;0;0
3;05.06.2023;15;0;0
4;05.06.2023;15;0;0
5;05.06.2023;15;0;0
6;05.06.2023;15;0;0
7;05.06.2023;15;0;0
8;05.06.2023;15;0;0
9;05.06.2023;15;0;0
10;05.06.2023;15;0;0
11;05.06.2023;15;0;0
12;05.06.2023;15;0;0
13;05.06.2023;15;0;0
14;05.06.2023;15;0;0
15;05.06.2023;15;0;0
16;05.06.2023;15;0;0
17;05.06.2023;15;0;0
20;05.06.2023;15;0;0
21;05.06.2023;15;0;0
22;05.06.2023;15;0;0
24;05.06.2023;15;0;0
25;05.06.2023;15;1;0
26;05.06.2023;15;0;0
27;05.06.2023;15;0;0
28;05.06.2023;15;0;0
29;05.06.2023;15;0;0
30;05.06.2023;15;0;0
31;05.06.2023;15;0;0
32;05.06.2023;15;0;0
33;05.06.2023;15;0;0
34;05.06.2023;15;0;0
35;05.06.2023;15;0;0
36;05.06.2023;15;0;0
37;05.06.2023;15;0;0
38;05.06.2023;15;0;0
39;05.06.2023;15;0;0
40;05.06.2023;15;0;0
42;05.06.2023;15;0;0
43;05.06.2023;15;0;0
44;05.06.2023;15;0;0
45;05.06.2023;15;0;0
46;05.06.2023;15;0;0
47;05.06.2023;15;0;0
48;05.06.2023;15;0;0
49;05.06.2023;15;0;0
50;05.06.2023;15;0;0
51;05.06.2023;15;0;0
52;05.06.2023;15;0;0
53;05.06.2023;15;0;0
54;05.06.2023;15;0;0
56;05.06.2023;15;0;0
57;05.06.2023;15;0;0
58;05.06.2023;15;0;0
60;05.06.2023;15;0;0
61;05.06.2023;15;0;0
62;05.06.2023;15;0;0
63;05.06.2023;15;0;0
64;05.06.2023;15;0;1
65;05.06.2023;15;0;0
66;05.06.2023;15;0;0
67;05.06.2023;15;0;0
68;05.06.2023;15;0;0
69;05.06.2023;15;0;0
70;05.06.2023;15;0;0
71;05.06.2023;15;0;0
72;05.06.2023;15;0;0
73;05.06.2023;15;0;0
74;05.06.2023;15;0;0
75;05.06.2023;15;0;0
76;05.06.2023;15;0;0
77;05.06.2023;15;0;0
78;05.06.2023;15;0;0
79;05.06.2023;15;0;0
80;05.06.2023;15;0;0
81;05.06.2023;15;0;0
82;05.06.2023;15;0;0
83;05.06.2023;15;0;0
84;05.06.2023;15;0;0
85;05.06.2023;15;0;0
86;05.06.2023;15;0;0
87;05.06.2023;15;0;0
88;05.06.2023;15;0;0
89;05.06.2023;15;0;0
90;05.06.2023;15;0;0
91;05.06.2023;15;0;0
92;05.06.2023;15;0;0
93;05.06.2023;15;0;0
94;05.06.2023;15;0;0
95;05.06.2023;15;0;0
96;05.06.2023;15;0;0
97;05.06.2023;15;0;0
98;05.06.2023;15;0;0
99;05.06.2023;15;0;0
100;05.06.2023;15;0;0
101;05.06.2023;15;0;0
102;05.06.2023;15;0;0
103;05.06.2023;15;0;0
104;05.06.2023;15;0;0
105;05.06.2023;15;0;0
106;05.06.2023;15;0;0
107;05.06.2023;15;0;0
108;05.06.2023;15;0;0
109;05.06.2023;15;0;0
110;05.06.2023;15;0;0
111;05.06.2023;15;0;0
112;05.06.2023;15;0;0
113;05.06.2023;15;0;0
114;05.06.2023;15;0;0
115;05.06.2023;15;0;0
116;05.06.2023;15;0;0
117;05.06.2023;15;0;0
118;05.06.2023;15;0;0
119;05.06.2023;15;0;0
120;05.06.2023;15;0;0
121;05.06.2023;15;0;0
122;05.06.2023;15;0;0
123;05.06.2023;15;0;0
124;05.06.2023;15;0;0
125;05.06.2023;15;0;0
126;05.06.2023;15;0;0
127;05.06.2023;15;0;0
128;05.06.2023;15;0;0
129;05.06.2023;15;0;0
130;05.06.2023;15;0;0
131;05.06.2023;15;0;0
132;05.06.2023;15;0;0
133;05.06.2023;15;0;0
134;05.06.2023;15;0;0
135;05.06.2023;15;0;0
136;05.06.2023;15;0;0
137;05.06.2023;15;0;0
138;05.06.2023;15;0;0
139;05.06.2023;15;0;0
140;05.06.2023;15;0;0
141;05.06.2023;15;0;0
142;05.06.2023;15;0;0
143;05.06.2023;15;0;0
144;05.06.2023;15;0;0
145;05.06.2023;15;0;0
146;05.06.2023;15;0;0
147;05.06.2023;15;0;0
148;05.06.2023;15;0;0
149;05.06.2023;15;0;0
150;05.06.2023;15;0;0
151;05.06.2023;15;0;0
152;05.06.2023;15;0;0
153;05.06.2023;15;0;0
154;05.06.2023;15;0;0
155;05.06.2023;15;0;0
156;05.06.2023;15;0;0
157;05.06.2023;15;0;0
158;05.06.2023;15;0;0
159;05.06.2023;15;0;0
160;05.06.2023;15;0;0
161;05.06.2023;15;0;0
162;05.06.2023;15;0;0
163;05.06.2023;15;0;0
164;05.06.2023;15;0;0
165;05.06.2023;15;0;0
166;05.06.2023;15;0;0
167;05.06.2023;15;0;0
168;05.06.2023;15;0;0
170;05.06.2023;15;0;0
171;05.06.2023;15;0;0
172;05.06.2023;15;0;0
173;05.06.2023;15;0;0
174;05.06.2023;15;0;0
175;05.06.2023;15;0;0
176;05.06.2023;15;0;0
177;05.06.2023;15;0;0
208;05.06.2023;15;0;0
209;05.06.2023;15;0;0
210;05.06.2023;15;0;0
1;06.06.2023;61;0;0
2;06.06.2023;24;0;0
3;06.06.2023;68;0;0
4;06.06.2023;12;0;0
5;06.06.2023;4;0;0
6;06.06.2023;55;0;0
7;06.06.2023;61;0;0
8;06.06.2023;24;0;0
9;06.06.2023;62;0;0
10;06.06.2023;61;0;0
11;06.06.2023;48;0;0
12;06.06.2023;11;0;0
13;06.06.2023;8;0;0
14;06.06.2023;61;0;0
15;06.06.2023;17;0;0
16;06.06.2023;52;0;0
17;06.06.2023;63;0;0
20;06.06.2023;49;0;0
21;06.06.2023;13;0;0
22;06.06.2023;64;0;0
24;06.06.2023;5;0;0
25;06.06.2023;20;1;0
26;06.06.2023;56;0;0
27;06.06.2023;62;0;0
28;06.06.2023;60;0;0
29;06.06.2023;21;0;0
30;06.06.2023;22;0;0
31;06.06.2023;59;0;0
32;06.06.2023;66;0;0
33;06.06.2023;21;0;0
34;06.06.2023;40;0;0
35;06.06.2023;31;0;0
36;06.06.2023;37;0;0
37;06.06.2023;55;0;0
38;06.06.2023;4;0;0
39;06.06.2023;15;0;0
40;06.06.2023;46;0;0
42;06.06.2023;27;0;0
43;06.06.2023;14;0;0
44;06.06.2023;52;0;0
45;06.06.2023;21;0;0
46;06.06.2023;57;0;0
47;06.06.2023;18;0;0
48;06.06.2023;6;0;0
49;06.06.2023;56;0;0
50;06.06.2023;10;0;0
51;06.06.2023;32;0;0
52;06.06.2023;68;0;0
53;06.06.2023;24;0;0
54;06.06.2023;44;0;0
56;06.06.2023;15;0;0
57;06.06.2023;52;0;0
58;06.06.2023;3;0;0
60;06.06.2023;66;0;0
61;06.06.2023;62;0;0
62;06.06.2023;31;0;0
63;06.06.2023;41;0;0
64;06.06.2023;66;0;1
65;06.06.2023;18;0;0
66;06.06.2023;43;0;0
67;06.06.2023;57;0;0
68;06.06.2023;56;0;0
69;06.06.2023;59;0;0
70;06.06.2023;50;0;0
71;06.06.2023;24;0;0
72;06.06.2023;28;0;0
73;06.06.2023;12;0;0
74;06.06.2023;19;0;0
75;06.06.2023;25;0;0
76;06.06.2023;54;0;0
77;06.06.2023;62;0;0
78;06.06.2023;0;0;0
79;06.06.2023;70;0;0
80;06.06.2023;27;0;0
81;06.06.2023;27;0;0
82;06.06.2023;62;0;0
83;06.06.2023;63;0;0
84;06.06.2023;19;0;0
85;06.06.2023;49;0;0
86;06.06.2023;29;0;0
87;06.06.2023;38;0;0
88;06.06.2023;1;0;0
89;06.06.2023;50;0;0
90;06.06.2023;18;0;0
91;06.06.2023;19;0;0
92;06.06.2023;36;0;0
93;06.06.2023;60;0;0
94;06.06.2023;38;0;0
95;06.06.2023;18;0;0
96;06.06.2023;18;0;0
97;06.06.2023;47;0;0
98;06.06.2023;36;0;0
99;06.06.2023;28;0;0
100;06.06.2023;7;0;0
101;06.06.2023;3;0;0
102;06.06.2023;42;0;0
103;06.06.2023;8;0;0
104;06.06.2023;10;0;0
105;06.06.2023;29;0;0
106;06.06.2023;61;0;0
107;06.06.2023;29;0;0
108;06.06.2023;18;0;0
109;06.06.2023;31;0;0
110;06.06.2023;3;0;0
111;06.06.2023;16;0;0
112;06.06.2023;30;0;0
113;06.06.2023;66;0;0
114;06.06.2023;15;0;0
115;06.06.2023;33;0;0
116;06.06.2023;47;0;0
117;06.06.2023;55;0;0
118;06.06.2023;24;0;0
119;06.06.2023;43;0;0
120;06.06.2023;70;0;0
121;06.06.2023;44;0;0
122;06.06.2023;52;0;0
123;06.06.2023;62;0;0
124;06.06.2023;39;0;0
125;06.06.2023;58;0;0
126;06.06.2023;3;0;0
127;06.06.2023;48;0;0
128;06.06.2023;48;0;0
129;06.06.2023;51;0;0
130;06.06.2023;23;0;0
131;06.06.2023;12;0;0
132;06.06.2023;28;0;0
133;06.06.2023;60;0;0
134;06.06.2023;4;0;0
135;06.06.2023;2;0;0
136;06.06.2023;57;0;0
137;06.06.2023;56;0;0
138;06.06.2023;32;0;0
139;06.06.2023;7;0;0
140;06.06.2023;61;0;0
141;06.06.2023;3;0;0
142;06.06.2023;10;0;0
143;06.06.2023;68;0;0
144;06.06.2023;17;0;0
145;06.06.2023;47;0;0
146;06.06.2023;21;0;0
147;06.06.2023;65;0;0
148;06.06.2023;57;0;0
149;06.06.2023;52;0;0
150;06.06.2023;29;0;0
151;06.06.2023;34;0;0
152;06.06.2023;4;0;0
153;06.06.2023;26;0;0
154;06.06.2023;47;0;0
155;06.06.2023;48;0;0
156;06.06.2023;49;0;0
157;06.06.2023;15;0;0
158;06.06.2023;8;0;0
159;06.06.2023;1;0;0
160;06.06.2023;19;0;0
161;06.06.2023;64;0;0
162;06.06.2023;69;0;0
163;06.06.2023;37;0;0
164;06.06.2023;18;0;0
165;06.06.2023;34;0;0
166;06.06.2023;18;0;0
167;06.06.2023;28;0;0
168;06.06.2023;14;0;0
170;06.06.2023;16;0;0
171;06.06.2023;29;0;0
172;06.06.2023;18;0;0
173;06.06.2023;35;0;0
174;06.06.2023;28;0;0
175;06.06.2023;27;0;0
176;06.06.2023;29;0;0
177;06.06.2023;63;0;0
208;06.06.2023;23;0;0
209;06.06.2023;60;0;0
210;06.06.2023;23;0;0
1;07.06.2023;80;0;0
2;07.06.2023;80;0;0
3;07.06.2023;80;0;0
4;07.06.2023;80;0;0
5;07.06.2023;80;0;0
6;07.06.2023;80;0;0
7;07.06.2023;80;0;0
8;07.06.2023;80;0;0
9;07.06.2023;80;0;0
10;07.06.2023;80;0;0
11;07.06.2023;80;0;0
12;07.06.2023;80;0;0
13;07.06.2023;80;0;0
14;07.06.2023;80;0;0
15;07.06.2023;80;0;0
16;07.06.2023;80;0;0
17;07.06.2023;80;0;0
20;07.06.2023;80;0;0
21;07.06.2023;80;0;0
22;07.06.2023;80;0;0
24;07.06.2023;80;0;0
25;07.06.2023;80;1;0
26;07.06.2023;80;0;0
27;07.06.2023;80;0;0
28;07.06.2023;80;0;0
29;07.06.2023;80;0;0
30;07.06.2023;80;0;0
31;07.06.2023;60;0;0
32;07.06.2023;60;0;0
33;07.06.2023;60;0;0
34;07.06.2023;60;0;0
35;07.06.2023;60;0;0
36;07.06.2023;60;0;0
37;07.06.2023;60;0;0
38;07.06.2023;60;0;0
39;07.06.2023;60;0;0
40;07.06.2023;60;0;0
42;07.06.2023;60;0;0
43;07.06.2023;60;0;0
44;07.06.2023;60;0;0
45;07.06.2023;60;0;0
46;07.06.2023;60;0;0
47;07.06.2023;60;0;0
48;07.06.2023;60;0;0
49;07.06.2023;60;0;0
50;07.06.2023;60;0;0
51;07.06.2023;60;0;0
52;07.06.2023;60;0;0
53;07.06.2023;60;0;0
54;07.06.2023;60;0;0
56;07.06.2023;60;0;0
57;07.06.2023;60;0;0
58;07.06.2023;60;0;0
60;07.06.2023;60;0;0
61;07.06.2023;40;0;0
62;07.06.2023;40;0;0
63;07.06.2023;40;0;0
64;07.06.2023;40;0;1
65;07.06.2023;40;0;0
66;07.06.2023;40;0;0
67;07.06.2023;40;0;0
68;07.06.2023;40;0;0
69;07.06.2023;40;0;0
70;07.06.2023;40;0;0
71;07.06.2023;40;0;0
72;07.06.2023;40;0;0
73;07.06.2023;40;0;0
74;07.06.2023;40;0;0
75;07.06.2023;40;0;0
76;07.06.2023;40;0;0
77;07.06.2023;40;0;0
78;07.06.2023;40;0;0
79;07.06.2023;40;0;0
80;07.06.2023;40;0;0
81;07.06.2023;40;0;0
82;07.06.2023;40;0;0
83;07.06.2023;40;0;0
84;07.06.2023;40;0;0
85;07.06.2023;40;0;0
86;07.06.2023;40;0;0
87;07.06.2023;40;0;0
88;07.06.2023;40;0;0
89;07.06.2023;40;0;0
90;07.06.2023;40;0;0
91;07.06.2023;15;0;0
92;07.06.2023;15;0;0
93;07.06.2023;15;0;0
94;07.06.2023;15;0;0
95;07.06.2023;15;0;0
96;07.06.2023;15;0;0
97;07.06.2023;15;0;0
98;07.06.2023;15;0;0
99;07.06.2023;15;0;0
100;07.06.2023;15;0;0
101;07.06.2023;15;0;0
102;07.06.2023;15;0;0
103;07.06.2023;15;0;0
104;07.06.2023;15;0;0
105;07.06.2023;15;0;0
106;07.06.2023;15;0;0
107;07.06.2023;15;0;0
108;07.06.2023;15;0;0
109;07.06.2023;15;0;0
110;07.06.2023;15;0;0
111;07.06.2023;15;0;0
112;07.06.2023;15;0;0
113;07.06.2023;15;0;0
114;07.06.2023;15;0;0
115;07.06.2023;15;0;0
116;07.06.2023;15;0;0
117;07.06.2023;15;0;0
118;07.06.2023;15;0;0
119;07.06.2023;15;0;0
120;07.06.2023;15;0;0
121;07.06.2023;15;0;0
122;07.06.2023;15;0;0
123;07.06.2023;15;0;0
124;07.06.2023;15;0;0
125;07.06.2023;15;0;0
126;07.06.2023;15;0;0
127;07.06.2023;15;0;0
128;07.06.2023;15;0;0
129;07.06.2023;15;0;0
130;07.06.2023;15;0;0
131;07.06.2023;15;0;0
132;07.06.2023;15;0;0
133;07.06.2023;15;0;0
134;07.06.2023;15;0;0
135;07.06.2023;15;0;0
136;07.06.2023;15;0;0
137;07.06.2023;15;0;0
138;07.06.2023;15;0;0
139;07.06.2023;15;0;0
140;07.06.2023;15;0;0
141;07.06.2023;15;0;0
142;07.06.2023;15;0;0
143;07.06.2023;15;0;0
144;07.06.2023;15;0;0
145;07.06.2023;15;0;0
146;07.06.2023;15;0;0
147;07.06.2023;15;0;0
148;07.06.2023;15;0;0
149;07.06.2023;15;0;0
150;07.06.2023;15;0;0
151;07.06.2023;15;0;0
152;07.06.2023;15;0;0
153;07.06.2023;15;0;0
154;07.06.2023;15;0;0
155;07.06.2023;15;0;0
156;07.06.2023;15;0;0
157;07.06.2023;15;0;0
158;07.06.2023;15;0;0
159;07.06.2023;15;0;0
160;07.06.2023;15;0;0
161;07.06.2023;15;0;0
162;07.06.2023;15;0;0
163;07.06.2023;15;0;0
164;07.06.2023;15;0;0
165;07.06.2023;15;0;0
166;07.06.2023;15;0;0
167;07.06.2023;15;0;0
168;07.06.2023;15;0;0
170;07.06.2023;15;0;0
171;07.06.2023;15;0;0
172;07.06.2023;15;0;0
173;07.06.2023;15;0;0
174;07.06.2023;15;0;0
175;07.06.2023;15;0;0
176;07.06.2023;15;0;0
177;07.06.2023;15;0;0
208;07.06.2023;15;0;0
209;07.06.2023;15;0;0
210;07.06.2023;15;0;0
1;08.06.2023;34;0;0
2;08.06.2023;58;0;0
3;08.06.2023;68;0;0
4;08.06.2023;55;0;0
5;08.06.2023;37;0;0
6;08.06.2023;70;0;0
7;08.06.2023;48;0;0
8;08.06.2023;31;0;0
9;08.06.2023;48;0;0
10;08.06.2023;42;0;0
11;08.06.2023;42;0;0
12;08.06.2023;66;0;0
13;08.06.2023;27;0;0
14;08.06.2023;22;0;0
15;08.06.2023;29;0;0
16;08.06.2023;28;0;0
17;08.06.2023;58;0;0
20;08.06.2023;58;0;0
21;08.06.2023;20;0;0
22;08.06.2023;28;0;0
24;08.06.2023;61;0;0
25;08.06.2023;45;1;0
26;08.06.2023;60;0;0
27;08.06.2023;46;0;0
28;08.06.2023;31;0;0
29;08.06.2023;65;0;0
30;08.06.2023;52;0;0
31;08.06.2023;22;0;0
32;08.06.2023;39;0;0
33;08.06.2023;39;0;0
34;08.06.2023;60;0;0
35;08.06.2023;55;0;0
36;08.06.2023;20;0;0
37;08.06.2023;61;0;0
38;08.06.2023;54;0;0
39;08.06.2023;27;0;0
40;08.06.2023;67;0;0
42;08.06.2023;59;0;0
43;08.06.2023;42;0;0
44;08.06.2023;57;0;0
45;08.06.2023;45;0;0
46;08.06.2023;54;0;0
47;08.06.2023;53;0;0
48;08.06.2023;63;0;0
49;08.06.2023;42;0;0
50;08.06.2023;45;0;0
51;08.06.2023;28;0;0
52;08.06.2023;70;0;0
53;08.06.2023;65;0;0
54;08.06.2023;65;0;0
56;08.06.2023;53;0;0
57;08.06.2023;42;0;0
58;08.06.2023;61;0;0
60;08.06.2023;70;0;0
61;08.06.2023;60;0;0
62;08.06.2023;41;0;0
63;08.06.2023;40;0;0
64;08.06.2023;65;0;1
65;08.06.2023;41;0;0
66;08.06.2023;46;0;0
67;08.06.2023;39;0;0
68;08.06.2023;60;0;0
69;08.06.2023;39;0;0
70;08.06.2023;49;0;0
71;08.06.2023;58;0;0
72;08.06.2023;25;0;0
73;08.06.2023;70;0;0
74;08.06.2023;37;0;0
75;08.06.2023;52;0;0
76;08.06.2023;66;0;0
77;08.06.2023;45;0;0
78;08.06.2023;35;0;0
79;08.06.2023;44;0;0
80;08.06.2023;43;0;0
81;08.06.2023;69;0;0
82;08.06.2023;57;0;0
83;08.06.2023;52;0;0
84;08.06.2023;49;0;0
85;08.06.2023;68;0;0
86;08.06.2023;28;0;0
87;08.06.2023;40;0;0
88;08.06.2023;32;0;0
89;08.06.2023;69;0;0
90;08.06.2023;48;0;0
91;08.06.2023;59;0;0
92;08.06.2023;70;0;0
93;08.06.2023;42;0;0
94;08.06.2023;21;0;0
95;08.06.2023;65;0;0
96;08.06.2023;40;0;0
97;08.06.2023;39;0;0
98;08.06.2023;38;0;0
99;08.06.2023;38;0;0
100;08.06.2023;28;0;0
101;08.06.2023;31;0;0
102;08.06.2023;24;0;0
103;08.06.2023;55;0;0
104;08.06.2023;25;0;0
105;08.06.2023;60;0;0
106;08.06.2023;40;0;0
107;08.06.2023;42;0;0
108;08.06.2023;66;0;0
109;08.06.2023;65;0;0
110;08.06.2023;29;0;0
111;08.06.2023;29;0;0
112;08.06.2023;34;0;0
113;08.06.2023;31;0;0
114;08.06.2023;30;0;0
115;08.06.2023;35;0;0
116;08.06.2023;66;0;0
117;08.06.2023;70;0;0
118;08.06.2023;31;0;0
119;08.06.2023;23;0;0
120;08.06.2023;32;0;0
121;08.06.2023;55;0;0
122;08.06.2023;62;0;0
123;08.06.2023;40;0;0
124;08.06.2023;28;0;0
125;08.06.2023;41;0;0
126;08.06.2023;67;0;0
127;08.06.2023;65;0;0
128;08.06.2023;68;0;0
129;08.06.2023;31;0;0
130;08.06.2023;64;0;0
131;08.06.2023;54;0;0
132;08.06.2023;56;0;0
133;08.06.2023;42;0;0
134;08.06.2023;22;0;0
135;08.06.2023;57;0;0
136;08.06.2023;66;0;0
137;08.06.2023;23;0;0
138;08.06.2023;43;0;0
139;08.06.2023;25;0;0
140;08.06.2023;23;0;0
141;08.06.2023;68;0;0
142;08.06.2023;60;0;0
143;08.06.2023;46;0;0
144;08.06.2023;57;0;0
145;08.06.2023;46;0;0
146;08.06.2023;26;0;0
147;08.06.2023;55;0;0
148;08.06.2023;61;0;0
149;08.06.2023;32;0;0
150;08.06.2023;48;0;0
151;08.06.2023;55;0;0
152;08.06.2023;45;0;0
153;08.06.2023;24;0;0
154;08.06.2023;25;0;0
155;08.06.2023;68;0;0
156;08.06.2023;59;0;0
157;08.06.2023;33;0;0
158;08.06.2023;52;0;0
159;08.06.2023;60;0;0
160;08.06.2023;25;0;0
161;08.06.2023;67;0;0
162;08.06.2023;68;0;0
163;08.06.2023;39;0;0
164;08.06.2023;24;0;0
165;08.06.2023;49;0;0
166;08.06.2023;60;0;0
167;08.06.2023;20;0;0
168;08.06.2023;50;0;0
170;08.06.2023;42;0;0
171;08.06.2023;49;0;0
172;08.06.2023;58;0;0
173;08.06.2023;46;0;0
174;08.06.2023;32;0;0
175;08.06.2023;21;0;0
176;08.06.2023;45;0;0
177;08.06.2023;66;0;0
208;08.06.2023;22;0;0
209;08.06.2023;69;0;0
210;08.06.2023;54;0;0
1;09.06.2023;47;0;0
2;09.06.2023;42;0;0
3;09.06.2023;40;0;0
4;09.06.2023;31;0;0
5;09.06.2023;34;0;0
6;09.06.2023;38;0;0
7;09.06.2023;40;0;0
8;09.06.2023;44;0;0
9;09.06.2023;42;0;0
10;09.06.2023;35;0;0
11;09.06.2023;33;0;0
12;09.06.2023;40;0;0
13;09.06.2023;46;0;0
14;09.06.2023;46;0;0
15;09.06.2023;48;0;0
16;09.06.2023;40;0;0
17;09.06.2023;37;0;0
20;09.06.2023;49;0;0
21;09.06.2023;45;0;0
22;09.06.2023;31;0;0
24;09.06.2023;46;0;0
25;09.06.2023;43;1;0
26;09.06.2023;49;0;0
27;09.06.2023;45;0;0
28;09.06.2023;30;0;0
29;09.06.2023;47;0;0
30;09.06.2023;47;0;0
31;09.06.2023;44;0;0
32;09.06.2023;33;0;0
33;09.06.2023;37;0;0
34;09.06.2023;38;0;0
35;09.06.2023;37;0;0
36;09.06.2023;33;0;0
37;09.06.2023;49;0;0
38;09.06.2023;49;0;0
39;09.06.2023;37;0;0
40;09.06.2023;44;0;0
42;09.06.2023;40;0;0
43;09.06.2023;50;0;0
44;09.06.2023;47;0;0
45;09.06.2023;43;0;0
46;09.06.2023;38;0;0
47;09.06.2023;45;0;0
48;09.06.2023;45;0;0
49;09.06.2023;47;0;0
50;09.06.2023;36;0;0
51;09.06.2023;37;0;0
52;09.06.2023;31;0;0
53;09.06.2023;33;0;0
54;09.06.2023;35;0;0
56;09.06.2023;48;0;0
57;09.06.2023;35;0;0
58;09.06.2023;44;0;0
60;09.06.2023;42;0;0
61;09.06.2023;41;0;0
62;09.06.2023;36;0;0
63;09.06.2023;34;0;0
64;09.06.2023;50;0;1
65;09.06.2023;39;0;0
66;09.06.2023;31;0;0
67;09.06.2023;31;0;0
68;09.06.2023;34;0;0
69;09.06.2023;35;0;0
70;09.06.2023;48;0;0
71;09.06.2023;41;0;0
72;09.06.2023;41;0;0
73;09.06.2023;36;0;0
74;09.06.2023;42;0;0
75;09.06.2023;32;0;0
76;09.06.2023;37;0;0
77;09.06.2023;50;0;0
78;09.06.2023;36;0;0
79;09.06.2023;41;0;0
80;09.06.2023;46;0;0
81;09.06.2023;46;0;0
82;09.06.2023;39;0;0
83;09.06.2023;49;0;0
84;09.06.2023;31;0;0
85;09.06.2023;48;0;0
86;09.06.2023;44;0;0
87;09.06.2023;42;0;0
88;09.06.2023;32;0;0
89;09.06.2023;39;0;0
90;09.06.2023;49;0;0
91;09.06.2023;40;0;0
92;09.06.2023;34;0;0
93;09.06.2023;48;0;0
94;09.06.2023;48;0;0
95;09.06.2023;32;0;0
96;09.06.2023;30;0;0
97;09.06.2023;33;0;0
98;09.06.2023;49;0;0
99;09.06.2023;47;0;0
100;09.06.2023;45;0;0
101;09.06.2023;36;0;0
102;09.06.2023;40;0;0
103;09.06.2023;42;0;0
104;09.06.2023;43;0;0
105;09.06.2023;49;0;0
106;09.06.2023;40;0;0
107;09.06.2023;40;0;0
108;09.06.2023;34;0;0
109;09.06.2023;42;0;0
110;09.06.2023;47;0;0
111;09.06.2023;38;0;0
112;09.06.2023;42;0;0
113;09.06.2023;33;0;0
114;09.06.2023;32;0;0
115;09.06.2023;32;0;0
116;09.06.2023;32;0;0
117;09.06.2023;49;0;0
118;09.06.2023;39;0;0
119;09.06.2023;36;0;0
120;09.06.2023;49;0;0
121;09.06.2023;49;0;0
122;09.06.2023;45;0;0
123;09.06.2023;43;0;0
124;09.06.2023;37;0;0
125;09.06.2023;39;0;0
126;09.06.2023;37;0;0
127;09.06.2023;47;0;0
128;09.06.2023;49;0;0
129;09.06.2023;46;0;0
130;09.06.2023;50;0;0
131;09.06.2023;45;0;0
132;09.06.2023;50;0;0
133;09.06.2023;35;0;0
134;09.06.2023;37;0;0
135;09.06.2023;34;0;0
136;09.06.2023;39;0;0
137;09.06.2023;39;0;0
138;09.06.2023;44;0;0
139;09.06.2023;41;0;0
140;09.06.2023;32;0;0
141;09.06.2023;42;0;0
142;09.06.2023;49;0;0
143;09.06.2023;36;0;0
144;09.06.2023;45;0;0
145;09.06.2023;39;0;0
146;09.06.2023;38;0;0
147;09.06.2023;47;0;0
148;09.06.2023;33;0;0
149;09.06.2023;35;0;0
150;09.06.2023;31;0;0
151;09.06.2023;36;0;0
152;09.06.2023;31;0;0
153;09.06.2023;43;0;0
154;09.06.2023;49;0;0
155;09.06.2023;36;0;0
156;09.06.2023;37;0;0
157;09.06.2023;46;0;0
158;09.06.2023;50;0;0
159;09.06.2023;47;0;0
160;09.06.2023;46;0;0
161;09.06.2023;50;0;0
162;09.06.2023;36;0;0
163;09.06.2023;37;0;0
164;09.06.2023;50;0;0
165;09.06.2023;43;0;0
166;09.06.2023;39;0;0
167;09.06.2023;34;0;0
168;09.06.2023;36;0;0
170;09.06.2023;39;0;0
171;09.06.2023;50;0;0
172;09.06.2023;41;0;0
173;09.06.2023;39;0;0
174;09.06.2023;48;0;0
175;09.06.2023;30;0;0
176;09.06.2023;50;0;0
177;09.06.2023;49;0;0
208;09.06.2023;48;0;0
209;09.06.2023;34;0;0
210;09.06.2023;44;0;0
1;10.06.2023;50;0;0
2;10.06.2023;50;0;0
3;10.06.2023;50;0;0
4;10.06.2023;50;0;0
5;10.06.2023;50;0;0
6;10.06.2023;50;0;0
7;10.06.2023;50;0;0
8;10.06.2023;50;0;0
9;10.06.2023;50;0;0
10;10.06.2023;50;0;0
11;10.06.2023;50;0;0
12;10.06.2023;50;0;0
13;10.06.2023;50;0;0
14;10.06.2023;50;0;0
15;10.06.2023;50;0;0
16;10.06.2023;50;0;0
17;10.06.2023;50;0;0
20;10.06.2023;50;0;0
21;10.06.2023;50;0;0
22;10.06.2023;50;0;0
24;10.06.2023;50;0;0
25;10.06.2023;50;1;0
26;10.06.2023;50;0;0
27;10.06.2023;50;0;0
28;10.06.2023;50;0;0
29;10.06.2023;50;0;0
30;10.06.2023;50;0;0
31;10.06.2023;50;0;0
32;10.06.2023;50;0;0
33;10.06.2023;50;0;0
34;10.06.2023;50;0;0
35;10.06.2023;50;0;0
36;10.06.2023;50;0;0
37;10.06.2023;50;0;0
38;10.06.2023;50;0;0
39;10.06.2023;50;0;0
40;10.06.2023;50;0;0
42;10.06.2023;50;0;0
43;10.06.2023;50;0;0
44;10.06.2023;50;0;0
45;10.06.2023;50;0;0
46;10.06.2023;50;0;0
47;10.06.2023;50;0;0
48;10.06.2023;50;0;0
49;10.06.2023;50;0;0
50;10.06.2023;50;0;0
51;10.06.2023;50;0;0
52;10.06.2023;50;0;0
53;10.06.2023;50;0;0
54;10.06.2023;50;0;0
56;10.06.2023;50;0;0
57;10.06.2023;50;0;0
58;10.06.2023;50;0;0
60;10.06.2023;50;0;0
61;10.06.2023;50;0;0
62;10.06.2023;50;0;0
63;10.06.2023;50;0;0
64;10.06.2023;50;0;1
65;10.06.2023;50;0;0
66;10.06.2023;50;0;0
67;10.06.2023;50;0;0
68;10.06.2023;50;0;0
69;10.06.2023;50;0;0
70;10.06.2023;50;0;0
71;10.06.2023;50;0;0
72;10.06.2023;50;0;0
73;10.06.2023;50;0;0
74;10.06.2023;50;0;0
75;10.06.2023;50;0;0
76;10.06.2023;50;0;0
77;10.06.2023;50;0;0
78;10.06.2023;50;0;0
79;10.06.2023;50;0;0
80;10.06.2023;50;0;0
81;10.06.2023;50;0;0
82;10.06.2023;50;0;0
83;10.06.2023;50;0;0
84;10.06.2023;50;0;0
85;10.06.2023;50;0;0
86;10.06.2023;50;0;0
87;10.06.2023;50;0;0
88;10.06.2023;50;0;0
89;10.06.2023;50;0;0
90;10.06.2023;50;0;0
91;10.06.2023;50;0;0
92;10.06.2023;50;0;0
93;10.06.2023;50;0;0
94;10.06.2023;50;0;0
95;10.06.2023;50;0;0
96;10.06.2023;50;0;0
97;10.06.2023;50;0;0
98;10.06.2023;50;0;0
99;10.06.2023;50;0;0
100;10.06.2023;50;0;0
101;10.06.2023;50;0;0
102;10.06.2023;50;0;0
103;10.06.2023;50;0;0
104;10.06.2023;50;0;0
105;10.06.2023;50;0;0
106;10.06.2023;50;0;0
107;10.06.2023;50;0;0
108;10.06.2023;50;0;0
109;10.06.2023;50;0;0
110;10.06.2023;50;0;0
111;10.06.2023;50;0;0
112;10.06.2023;50;0;0
113;10.06.2023;50;0;0
114;10.06.2023;50;0;0
115;10.06.2023;50;0;0
116;10.06.2023;50;0;0
117;10.06.2023;50;0;0
118;10.06.2023;50;0;0
119;10.06.2023;50;0;0
120;10.06.2023;50;0;0
121;10.06.2023;50;0;0
122;10.06.2023;50;0;0
123;10.06.2023;50;0;0
124;10.06.2023;50;0;0
125;10.06.2023;50;0;0
126;10.06.2023;50;0;0
127;10.06.2023;50;0;0
128;10.06.2023;50;0;0
129;10.06.2023;50;0;0
130;10.06.2023;50;0;0
131;10.06.2023;50;0;0
132;10.06.2023;50;0;0
133;10.06.2023;50;0;0
134;10.06.2023;50;0;0
135;10.06.2023;50;0;0
136;10.06.2023;50;0;0
137;10.06.2023;50;0;0
138;10.06.2023;50;0;0
139;10.06.2023;50;0;0
140;10.06.2023;50;0;0
141;10.06.2023;50;0;0
142;10.06.2023;50;0;0
143;10.06.2023;50;0;0
144;10.06.2023;50;0;0
145;10.06.2023;50;0;0
146;10.06.2023;50;0;0
147;10.06.2023;50;0;0
148;10.06.2023;50;0;0
149;10.06.2023;50;0;0
150;10.06.2023;50;0;0
151;10.06.2023;50;0;0
152;10.06.2023;50;0;0
153;10.06.2023;50;0;0
154;10.06.2023;50;0;0
155;10.06.2023;50;0;0
156;10.06.2023;50;0;0
157;10.06.2023;50;0;0
158;10.06.2023;50;0;0
159;10.06.2023;50;0;0
160;10.06.2023;50;0;0
161;10.06.2023;50;0;0
162;10.06.2023;50;0;0
163;10.06.2023;50;0;0
164;10.06.2023;50;0;0
165;10.06.2023;50;0;0
166;10.06.2023;50;0;0
167;10.06.2023;50;0;0
168;10.06.2023;50;0;0
170;10.06.2023;50;0;0
171;10.06.2023;50;0;0
172;10.06.2023;50;0;0
173;10.06.2023;50;0;0
174;10.06.2023;50;0;0
175;10.06.2023;50;0;0
176;10.06.2023;50;0;0
177;10.06.2023;50;0;0
208;10.06.2023;50;0;0
209;10.06.2023;50;0;0
210;10.06.2023;50;0;0
