gid;aktiv;objectid;gisid;guid;alknummer;arglr;baumnummer;datlr;gattung;gattungart;ga_lang;gebiet;hrherkunft;namlr;pflanzjahr;standort;strasse;baumhoehe;st_durchm;st_umfang;kr_durchm;vitalitaet;objektkuerzel;pflegebereich;tour;faellung;gefaellt_am;faellgrund;historisch_am;hochwert;rechtswert;the_geom;geom_original;geom_4326;geom_4326_json;geom_4326_json_bbox;lon_4326;lat_4326
50;FALSCH;1440;1_1440;;;Regelkontrolle; 647;07.11.2022;Fagus;FAGUS001;Fagus sylvatica 'Purpurea', Blutbuche;Grün- und Parkanlagen; ;MV;1850;;Drackendorfer Park;24;164;515;25;2;DRACKEND;SO;;;;;;5640608,495;684988,059;POINT (684988.059 5640608.495);POINT (684988.059 5640608.495);POINT (11.630131502960031 50.887486024798875);"{""type"":""Point"",""coordinates"":[11.630132,50.887486]}";"{""type"":""Point"",""bbox"":[11.630132,50.887486,11.630132,50.887486],""coordinates"":[11.630132,50.887486]}";11,63013150296;50,8874860247989
135;FALSCH;1982;1_1982;;;; 11;;Malus;MALUS001;Malus domestica, Apfel;Grün- und Parkanlagen;;;2011;;Wasserachse Winzerla;5;12;38;4;1;100701;SW;;;;;;5641548,42629;680815,879766;POINT (680815.879766 5641548.42629);POINT (680815.879766 5641548.42629);POINT (11.571341862419324 50.89725084253326);"{""type"":""Point"",""coordinates"":[11.571342,50.897251]}";"{""type"":""Point"",""bbox"":[11.571342,50.897251,11.571342,50.897251],""coordinates"":[11.571342,50.897251]}";11,5713418624193;50,8972508425333
136;FALSCH;1993;1_1993;;;; 22;;Sorbus;SORBU006;Sorbus domestica, Speierling;Grün- und Parkanlagen;;;2011;;Wasserachse Winzerla;5;9;28;2;2;100701;SW;;;;;;5641555,17317;680776,456849;POINT (680776.456849 5641555.17317);POINT (680776.456849 5641555.17317);POINT (11.57078518054763 50.897323794854074);"{""type"":""Point"",""coordinates"":[11.570785,50.897324]}";"{""type"":""Point"",""bbox"":[11.570785,50.897324,11.570785,50.897324],""coordinates"":[11.570785,50.897324]}";11,5707851805476;50,8973237948541
76;FALSCH;5335;1_5335;;;Regelkontrolle; 130;10.05.2023;Ginkgo;GINKG0;Ginkgo biloba, Ginkgobaum;Straßenbegleitgrün;;HR;2012;;Winzerlaer Str.;6;8;25;1;1;671;SW;;WAHR;;;;5642253,17014807;680718,244406781;POINT (680718.213306599 5642253.154434773);POINT (680718.213306599 5642253.154434773);POINT (11.570303219874576 50.90361240639317);"{""type"":""Point"",""coordinates"":[11.570303,50.903612]}";"{""type"":""Point"",""bbox"":[11.570303,50.903612,11.570303,50.903612],""coordinates"":[11.570303,50.903612]}";11,5703032198746;50,9036124063932
106;FALSCH;6883;1_6883;;;Regelkontrolle; 344;02.09.2022;Pyrus;PYRUS003;Pyrus communis 'ssp. caucasisca', Kaukasische Wildbirne;Straßenbegleitgrün; ;MV;1993;;Erlanger Allee;5;14;45;1;2;2675;SO;;;;;;5640230,198;684243,804;POINT (684243.804 5640230.198);POINT (684243.804 5640230.198);POINT (11.619370937591405 50.88432550247752);"{""type"":""Point"",""coordinates"":[11.619371,50.884326]}";"{""type"":""Point"",""bbox"":[11.619371,50.884326,11.619371,50.884326],""coordinates"":[11.619371,50.884326]}";11,6193709375914;50,8843255024775
107;FALSCH;6893;1_6893;;;Regelkontrolle; 334;02.09.2022;Pyrus;PYRUS003;Pyrus communis 'ssp. caucasisca', Kaukasische Wildbirne;Straßenbegleitgrün; ;MV;1993;;Erlanger Allee;6;21;65;2;2;2675;SO;;;;;;5640307,089;684179,719;POINT (684179.719 5640307.089);POINT (684179.719 5640307.089);POINT (11.618499611596397 50.88503666659095);"{""type"":""Point"",""coordinates"":[11.6185,50.885037]}";"{""type"":""Point"",""bbox"":[11.618500,50.885037,11.618500,50.885037],""coordinates"":[11.6185,50.885037]}";11,6184996115964;50,885036666591
108;FALSCH;6907;1_6907;;;Regelkontrolle; 320;02.09.2022;Pyrus;PYRUS003;Pyrus communis 'ssp. caucasisca', Kaukasische Wildbirne;Straßenbegleitgrün; ;MV;1993;;Erlanger Allee;7;19;60;3;2;2675;SO;;;;;;5640414,937;684089,715;POINT (684089.715 5640414.937);POINT (684089.715 5640414.937);POINT (11.617275764465717 50.886034178798255);"{""type"":""Point"",""coordinates"":[11.617276,50.886034]}";"{""type"":""Point"",""bbox"":[11.617276,50.886034,11.617276,50.886034],""coordinates"":[11.617276,50.886034]}";11,6172757644657;50,8860341787983
146;0;7706;1_7706;;;Regelkontrolle; 73;03.11.2022;Tilia;TILIA003;Tilia cordata, Winterlinde;Straßenbegleitgrün; ;HR;2009;;Hermann-Pistor-Str.;4;11;35;2;1;8388;SW;;;;;;5641922,124;680732,978;POINT (680732.978 5641922.124);POINT (680732.978 5641922.124);POINT (11.570349138304032 50.900633942081576);"{""type"":""Point"",""coordinates"":[11.570349,50.900634]}";"{""type"":""Point"",""bbox"":[11.570349,50.900634,11.570349,50.900634],""coordinates"":[11.570349,50.900634]}";11,570349138304;50,9006339420816
95;0;8699;1_8699;;;; 3;;Tilia;TILIA001;Tilia cordata 'Greenspire', Stadt-Linde;Straßenbegleitgrün;;;2011;;Humboldtstr.;7;9;28;2;0;276;Z;;;;;;5645564,504;680713,387;POINT (680713.387 5645564.504);POINT (680713.387 5645564.504);POINT (11.57187501802512 50.93336163930466);"{""type"":""Point"",""coordinates"":[11.571875,50.933362]}";"{""type"":""Point"",""bbox"":[11.571875,50.933362,11.571875,50.933362],""coordinates"":[11.571875,50.933362]}";11,5718750180251;50,9333616393047
96;0;8711;1_8711;;;; 15;;Tilia;TILIA001;Tilia cordata 'Greenspire', Stadt-Linde;Straßenbegleitgrün;;;2011;;Humboldtstr.;5;9;27;2;0;276;Z;;;;;;5645531,988;680855,67;POINT (680855.67 5645531.988);POINT (680855.67 5645531.988);POINT (11.573881642346075 50.93302493634514);"{""type"":""Point"",""coordinates"":[11.573882,50.933025]}";"{""type"":""Point"",""bbox"":[11.573882,50.933025,11.573882,50.933025],""coordinates"":[11.573882,50.933025]}";11,5738816423461;50,9330249363451
147;0;8739;1_8739;;;Regelkontrolle; 1;03.11.2022;Acer;ACER 013;Acer platanoides, Spitzahorn;Straßenbegleitgrün; ;HR;2007;;Im Hahngrunde;6;15;47;3;0;3085;SW;;;;;;5641941,791433;680665,675013;POINT (680665.675013 5641941.791433);POINT (680665.675013 5641941.791433);POINT (11.569402727540117 50.900831686458574);"{""type"":""Point"",""coordinates"":[11.569403,50.900832]}";"{""type"":""Point"",""bbox"":[11.569403,50.900832,11.569403,50.900832],""coordinates"":[11.569403,50.900832]}";11,5694027275401;50,9008316864586
148;0;8744;1_8744;;;Regelkontrolle; 6;03.11.2022;Prunus;PRUNU002;Prunus avium 'Plena', Süßkirsche;Straßenbegleitgrün; ;HR;2007;;Im Hahngrunde;4;10;31;2;1;3085;SW;;;;;;5641978,551741;680687,012004;POINT (680687.012004 5641978.551741);POINT (680687.012004 5641978.551741);POINT (11.569724042573142 50.901155250589504);"{""type"":""Point"",""coordinates"":[11.569724,50.901155]}";"{""type"":""Point"",""bbox"":[11.569724,50.901155,11.569724,50.901155],""coordinates"":[11.569724,50.901155]}";11,5697240425731;50,9011552505895
149;0;8750;1_8750;;;Regelkontrolle; 12;03.11.2022;Fagus;FAGUS001;Fagus sylvatica 'Purpurea', Blutbuche;Straßenbegleitgrün; ;HR;2007;;Im Hahngrunde;6;11;35;2;1;3085;SW;;;;;;5642029,16122;680711,592371;POINT (680711.592371 5642029.16122);POINT (680711.592371 5642029.16122);POINT (11.570098293878827 50.90160221414886);"{""type"":""Point"",""coordinates"":[11.570098,50.901602]}";"{""type"":""Point"",""bbox"":[11.570098,50.901602,11.570098,50.901602],""coordinates"":[11.570098,50.901602]}";11,5700982938788;50,9016022141489
150;0;8753;1_8753;;;Regelkontrolle; 15;03.11.2022;Prunus;PRUNU003;Prunus avium, Süß-Kirsche, Vogel-Kirsche;Straßenbegleitgrün; ;HR;2007;;Im Hahngrunde;4;10;31;3;1;3085;SW;;;;;;5642029,570986;680702,385499;POINT (680702.385499 5642029.570986);POINT (680702.385499 5642029.570986);POINT (11.569967696390428 50.901608776488544);"{""type"":""Point"",""coordinates"":[11.569968,50.901609]}";"{""type"":""Point"",""bbox"":[11.569968,50.901609,11.569968,50.901609],""coordinates"":[11.569968,50.901609]}";11,5699676963904;50,9016087764885
2;0;9788;1_9788;;;Regelkontrolle; 67;28.08.2013;Betula;BETUL002;Betula pendula, Hängebirke,Sand-,Weißbirke;Straßenbegleitgrün; ;SK;;;Ernst-Bloch-Ring, Fußweg;0;;;;;100192;N;;;28.08.2013;;;5648676,787;684126,631;POINT (684126.631 5648676.787);POINT (684126.631 5648676.787);POINT (11.621971129440857 50.96024034834569);"{""type"":""Point"",""coordinates"":[11.621971,50.96024]}";"{""type"":""Point"",""bbox"":[11.621971,50.960240,11.621971,50.960240],""coordinates"":[11.621971,50.96024]}";11,6219711294409;50,9602403483457
3;0;9789;1_9789;;;Regelkontrolle; 68;28.08.2013;Betula;BETUL002;Betula pendula, Hängebirke,Sand-,Weißbirke;Straßenbegleitgrün; ;SK;;;Ernst-Bloch-Ring, Fußweg;0;;;;;100192;N;;;28.08.2013;;;5648686,168;684130,208;POINT (684130.208 5648686.168);POINT (684130.208 5648686.168);POINT (11.622026755291994 50.96032347622609);"{""type"":""Point"",""coordinates"":[11.622027,50.960323]}";"{""type"":""Point"",""bbox"":[11.622027,50.960323,11.622027,50.960323],""coordinates"":[11.622027,50.960323]}";11,622026755292;50,9603234762261
5;0;10268;1_10268;;;; 15;;Tilia;TILIA003;Tilia cordata, Winterlinde;Straßenbegleitgrün;;;2002;;Leibnizstr.;8;20;63;3;1;3057;N;DRÖ;;;;;5648409,39445792;684035,177541445;POINT (684035.1775414445 5648409.394457924);POINT (684035.1775414445 5648409.394457924);POINT (11.620535079065936 50.95786753508209);"{""type"":""Point"",""coordinates"":[11.620535,50.957868]}";"{""type"":""Point"",""bbox"":[11.620535,50.957868,11.620535,50.957868],""coordinates"":[11.620535,50.957868]}";11,6205350790659;50,9578675350821
6;0;10270;1_10270;;;; 17;;Tilia;TILIA003;Tilia cordata, Winterlinde;Straßenbegleitgrün;;;2002;;Leibnizstr.;8;21;67;2;1;3057;N;DRÖ;;;;;5648398,67883291;684030,729234148;POINT (684030.7292341483 5648398.678832914);POINT (684030.7292341483 5648398.678832914);POINT (11.620466391244051 50.95777269546728);"{""type"":""Point"",""coordinates"":[11.620466,50.957773]}";"{""type"":""Point"",""bbox"":[11.620466,50.957773,11.620466,50.957773],""coordinates"":[11.620466,50.957773]}";11,6204663912441;50,9577726954673
161;0;10387;1_10387;;;Regelkontrolle; 8;03.05.2023;Quercus;QUERC005;Quercus robur, Stieleiche;Straßenbegleitgrün;;HR;1997;;Lobedaer Str.;5;16;50;5;2;8656;SW;;;;;;5641755,402;682495,65;POINT (682495.65 5641755.402);POINT (682495.65 5641755.402);POINT (11.595306847456543 50.89858185991311);"{""type"":""Point"",""coordinates"":[11.595307,50.898582]}";"{""type"":""Point"",""bbox"":[11.595307,50.898582,11.595307,50.898582],""coordinates"":[11.595307,50.898582]}";11,5953068474565;50,8985818599131
124;1;11099;1_11099;;;; 409;;Tilia;TILIA002;Tilia cordata 'Rancho';Straßenbegleitgrün;;;2011;;Wiesenstr.;5;13;41;4;1;580;N;HIM;;;;;5646835,103181;683181,122714;POINT (683181.122714 5646835.103181);POINT (683181.122714 5646835.103181);POINT (11.607595447677257 50.94399737666066);"{""type"":""Point"",""coordinates"":[11.607595,50.943997]}";"{""type"":""Point"",""bbox"":[11.607595,50.943997,11.607595,50.943997],""coordinates"":[11.607595,50.943997]}";11,6075954476773;50,9439973766607
125;1;11140;1_11140;;;; 410;;Tilia;TILIA002;Tilia cordata 'Rancho';Straßenbegleitgrün;;;2011;;Wiesenstr.;5;12;38;4;0;580;N;HIM;;;;;5646841,4866;683188,275248;POINT (683188.275248 5646841.4866);POINT (683188.275248 5646841.4866);POINT (11.607700361878777 50.94405244823133);"{""type"":""Point"",""coordinates"":[11.6077,50.944052]}";"{""type"":""Point"",""bbox"":[11.607700,50.944052,11.607700,50.944052],""coordinates"":[11.6077,50.944052]}";11,6077003618788;50,9440524482313
151;0;12290;1_12290;;;Regelkontrolle; 56;03.11.2022;Acer;ACER 013;Acer platanoides, Spitzahorn;Straßenbegleitgrün; ;HR;2007;;Schrödingerstr.;5;10;31;2;1;8666;SW;;;;;;5642039,413;680731,828;POINT (680731.828 5642039.413);POINT (680731.828 5642039.413);POINT (11.570390851653208 50.90168797900889);"{""type"":""Point"",""coordinates"":[11.570391,50.901688]}";"{""type"":""Point"",""bbox"":[11.570391,50.901688,11.570391,50.901688],""coordinates"":[11.570391,50.901688]}";11,5703908516532;50,9016879790089
159;0;12294;1_12294;;;Regelkontrolle; 60;03.11.2022;Corylus;CORYLUS;Corylus colurna, Baumhasel;Straßenbegleitgrün; ;HR;2007;;Schrödingerstr.;6;13;41;4;1;8666;SW;;;;;;5642015,61786;680740,431954;POINT (680740.431954 5642015.61786);POINT (680740.431954 5642015.61786);POINT (11.570501308588739 50.90147152018648);"{""type"":""Point"",""coordinates"":[11.570501,50.901472]}";"{""type"":""Point"",""bbox"":[11.570501,50.901472,11.570501,50.901472],""coordinates"":[11.570501,50.901472]}";11,5705013085887;50,9014715201865
152;0;12306;1_12306;;;Regelkontrolle; 73;03.11.2022;Corylus;CORYLUS;Corylus colurna, Baumhasel;Straßenbegleitgrün; ;HR;2007;;Schrödingerstr.;6;15;47;3;1;8666;SW;;;;;;5641934,02862;680698,708425;POINT (680698.708425 5641934.02862);POINT (680698.708425 5641934.02862);POINT (11.569868177910733 50.90075161279107);"{""type"":""Point"",""coordinates"":[11.569868,50.900752]}";"{""type"":""Point"",""bbox"":[11.569868,50.900752,11.569868,50.900752],""coordinates"":[11.569868,50.900752]}";11,5698681779107;50,9007516127911
153;0;12310;1_12310;;;Regelkontrolle; 77;03.11.2022;Acer;ACER 013;Acer platanoides, Spitzahorn;Straßenbegleitgrün; ;HR;2007;;Schrödingerstr.;8;17;53;5;1;8666;SW;;;;;;5641947,66955;680681,231433;POINT (680681.231433 5641947.66955);POINT (680681.231433 5641947.66955);POINT (11.56962663948867 50.90087962598572);"{""type"":""Point"",""coordinates"":[11.569627,50.90088]}";"{""type"":""Point"",""bbox"":[11.569627,50.900880,11.569627,50.900880],""coordinates"":[11.569627,50.90088]}";11,5696266394887;50,9008796259857
154;0;12316;1_12316;;;Regelkontrolle; 83;03.11.2022;Acer;ACER 013;Acer platanoides, Spitzahorn;Straßenbegleitgrün; ;HR;2007;;Schrödingerstr.;5;11;35;3;1;8666;SW;;;;;;5641986,5633;680711,327787;POINT (680711.327787 5641986.5633);POINT (680711.327787 5641986.5633);POINT (11.570073453726195 50.90121961437068);"{""type"":""Point"",""coordinates"":[11.570073,50.90122]}";"{""type"":""Point"",""bbox"":[11.570073,50.901220,11.570073,50.901220],""coordinates"":[11.570073,50.90122]}";11,5700734537262;50,9012196143707
155;0;12319;1_12319;;;Regelkontrolle; 86;03.11.2022;Acer;ACER 013;Acer platanoides, Spitzahorn;Straßenbegleitgrün; ;HR;2007;;Schrödingerstr.;6;15;47;3;1;8666;SW;;;;;;5642004,22424;680720,389767;POINT (680720.389767 5642004.22424);POINT (680720.389767 5642004.22424);POINT (11.570210935061835 50.90137543721445);"{""type"":""Point"",""coordinates"":[11.570211,50.901375]}";"{""type"":""Point"",""bbox"":[11.570211,50.901375,11.570211,50.901375],""coordinates"":[11.570211,50.901375]}";11,5702109350618;50,9013754372145
156;0;12324;1_12324;;;Regelkontrolle; 91;03.11.2022;Acer;ACER 013;Acer platanoides, Spitzahorn;Straßenbegleitgrün; ;HR;2007;;Schrödingerstr.;7;14;44;3;1;8666;SW;;;;;;5641920,50015;680685,464767;POINT (680685.464767 5641920.50015);POINT (680685.464767 5641920.50015);POINT (11.569673337316667 50.90063422236259);"{""type"":""Point"",""coordinates"":[11.569673,50.900634]}";"{""type"":""Point"",""bbox"":[11.569673,50.900634,11.569673,50.900634],""coordinates"":[11.569673,50.900634]}";11,5696733373167;50,9006342223626
24;0;12619;1_12619;;;; 25;;Amelanchier;AMELA002;Amelanchier lamarckii, Kupfer-Felsenbirne;Straßenbegleitgrün;;;2011;;Sophienstr.;5;8;25;2;0;508;Z;;;;;;5645669,848;681891,281;POINT (681891.281 5645669.848);POINT (681891.281 5645669.848);POINT (11.588672895711914 50.93393775460252);"{""type"":""Point"",""coordinates"":[11.588673,50.933938]}";"{""type"":""Point"",""bbox"":[11.588673,50.933938,11.588673,50.933938],""coordinates"":[11.588673,50.933938]}";11,5886728957119;50,9339377546025
25;0;12630;1_12630;;;; 36;;Amelanchier;AMELA002;Amelanchier lamarckii, Kupfer-Felsenbirne;Straßenbegleitgrün;;;2011;;Sophienstr.;5;8;25;2;0;508;Z;;;;;;5645500,79;681886,888;POINT (681886.888 5645500.79);POINT (681886.888 5645500.79);POINT (11.588526081143577 50.93242042123936);"{""type"":""Point"",""coordinates"":[11.588526,50.93242]}";"{""type"":""Point"",""bbox"":[11.588526,50.932420,11.588526,50.932420],""coordinates"":[11.588526,50.93242]}";11,5885260811436;50,9324204212394
26;0;12642;1_12642;;;; 48;;Amelanchier;AMELA002;Amelanchier lamarckii, Kupfer-Felsenbirne;Straßenbegleitgrün;;;2011;;Sophienstr.;5;8;25;2;0;508;Z;;;;;;5645580,295;681901,632;POINT (681901.632 5645580.295);POINT (681901.632 5645580.295);POINT (11.58877535776049 50.93312999851791);"{""type"":""Point"",""coordinates"":[11.588775,50.93313]}";"{""type"":""Point"",""bbox"":[11.588775,50.933130,11.588775,50.933130],""coordinates"":[11.588775,50.93313]}";11,5887753577605;50,9331299985179
27;0;12654;1_12654;;;; 60;;Amelanchier;AMELA002;Amelanchier lamarckii, Kupfer-Felsenbirne;Straßenbegleitgrün;;;2011;;Sophienstr.;5;8;25;2;0;508;Z;;;;;;5645757,4;681906,199;POINT (681906.199 5645757.4);POINT (681906.199 5645757.4);POINT (11.588928673524334 50.934719565898035);"{""type"":""Point"",""coordinates"":[11.588929,50.93472]}";"{""type"":""Point"",""bbox"":[11.588929,50.934720,11.588929,50.934720],""coordinates"":[11.588929,50.93472]}";11,5889286735243;50,934719565898
63;0;12784;1_12784;;;Regelkontrolle; 10;25.03.2021;Acer;ACER 013;Acer platanoides, Spitzahorn;Straßenbegleitgrün; ;MV;1997;;Stadtrodaer Str.;13;22;70;5;1;714;SO;;;;;;5644532,576;682035,552;POINT (682035.552 5644532.576);POINT (682035.552 5644532.576);POINT (11.590156082576618 50.92367565882872);"{""type"":""Point"",""coordinates"":[11.590156,50.923676]}";"{""type"":""Point"",""bbox"":[11.590156,50.923676,11.590156,50.923676],""coordinates"":[11.590156,50.923676]}";11,5901560825766;50,9236756588287
126;1;14211;1_14211;;;Regelkontrolle; 80;25.03.2021;Acer;ACER 013;Acer platanoides, Spitzahorn;Straßenbegleitgrün; ;UH;1993;;Wiesenstr.;10;26;80;4;1;580;N;WIS;;;;;5646875,641;683223,654;POINT (683223.654 5646875.641);POINT (683223.654 5646875.641);POINT (11.608220602864831 50.94434802490099);"{""type"":""Point"",""coordinates"":[11.608221,50.944348]}";"{""type"":""Point"",""bbox"":[11.608221,50.944348,11.608221,50.944348],""coordinates"":[11.608221,50.944348]}";11,6082206028648;50,944348024901
36;0;16284;1_15533;;;; 113;;Tilia;TILIA;Tilia, Linde;Straßenbegleitgrün;;;2000;;Friedrich-Engels-Str.;8;13;41;4;2;190;SO;;WAHR;;massive Fäule/ Pilzbefall;;5644504,69552;682510,372083;POINT (682510.372083 5644504.69552);POINT (682510.372083 5644504.69552);POINT (11.596890863641972 50.92327520569427);"{""type"":""Point"",""coordinates"":[11.596891,50.923275]}";"{""type"":""Point"",""bbox"":[11.596891,50.923275,11.596891,50.923275],""coordinates"":[11.596891,50.923275]}";11,596890863642;50,9232752056943
37;0;16285;1_15534;;;Regelkontrolle; 114;20.07.2020;Tilia;TILIA;Tilia, Linde;Straßenbegleitgrün; ;MV;1930;;Friedrich-Engels-Str.;24;65;204;12;3;190;SO;;WAHR;30.10.2020;Stand- /Bruchsicherheit;;5644504,76167;682502,96375;POINT (682502.96375 5644504.76167);POINT (682502.96375 5644504.76167);POINT (11.596785601309396 50.9232781431574);"{""type"":""Point"",""coordinates"":[11.596786,50.923278]}";"{""type"":""Point"",""bbox"":[11.596786,50.923278,11.596786,50.923278],""coordinates"":[11.596786,50.923278]}";11,5967856013094;50,9232781431574
38;0;16296;1_15545;;;; 108;;Tilia;TILIA002;Tilia cordata 'Rancho';Straßenbegleitgrün;;;2019;;Friedrich-Engels-Str.;4;7;22;1,5;0;190;SO;;;;;;5644507,64728;682575,47612;POINT (682575.47612 5644507.64728);POINT (682575.47612 5644507.64728);POINT (11.597817671425746 50.92328112632862);"{""type"":""Point"",""coordinates"":[11.597818,50.923281]}";"{""type"":""Point"",""bbox"":[11.597818,50.923281,11.597818,50.923281],""coordinates"":[11.597818,50.923281]}";11,5978176714257;50,9232811263286
92;0;16535;1_15784;;;; 42;;Tilia;TILIA002;Tilia cordata 'Rancho';Straßenbegleitgrün;;;2015;;Erfurter Str.;6;10;31;3;0;154;Z;;;;;;5646039,2773;679581,917538;POINT (679581.917538 5646039.2773);POINT (679581.917538 5646039.2773);POINT (11.556023315545087 50.9379802160663);"{""type"":""Point"",""coordinates"":[11.556023,50.93798]}";"{""type"":""Point"",""bbox"":[11.556023,50.937980,11.556023,50.937980],""coordinates"":[11.556023,50.93798]}";11,5560233155451;50,9379802160663
93;0;16545;1_15794;;;; 52;;Tilia;TILIA002;Tilia cordata 'Rancho';Straßenbegleitgrün;;;2015;;Erfurter Str.;6;10;31;3;0;154;Z;;;;;;5645996,36519;679644,656861;POINT (679644.656861 5645996.36519);POINT (679644.656861 5645996.36519);POINT (11.556894190331102 50.937575169545184);"{""type"":""Point"",""coordinates"":[11.556894,50.937575]}";"{""type"":""Point"",""bbox"":[11.556894,50.937575,11.556894,50.937575],""coordinates"":[11.556894,50.937575]}";11,5568941903311;50,9375751695452
94;0;16553;1_15802;;;; 60;;Tilia;TILIA002;Tilia cordata 'Rancho';Straßenbegleitgrün;;;2015;;Erfurter Str.;6;9;28;3;0;154;Z;;;;;;5645993,516355;679677,616001;POINT (679677.616001 5645993.516355);POINT (679677.616001 5645993.516355);POINT (11.557361395678342 50.937539309127686);"{""type"":""Point"",""coordinates"":[11.557361,50.937539]}";"{""type"":""Point"",""bbox"":[11.557361,50.937539,11.557361,50.937539],""coordinates"":[11.557361,50.937539]}";11,5573613956783;50,9375393091277
137;0;22080;1_21372;;;Regelkontrolle; 31;24.10.2022;Prunus;PRUNU003;Prunus avium, Süß-Kirsche, Vogel-Kirsche;Grün- und Parkanlagen; ;HR;2011;;Wasserachse Winzerla;6;15;47;4;1;100701;SW;;;;;;5641544,92339;680838,74574;POINT (680838.74574 5641544.92339);POINT (680838.74574 5641544.92339);POINT (11.571664949897677 50.897212214649656);"{""type"":""Point"",""coordinates"":[11.571665,50.897212]}";"{""type"":""Point"",""bbox"":[11.571665,50.897212,11.571665,50.897212],""coordinates"":[11.571665,50.897212]}";11,5716649498977;50,8972122146497
138;0;22081;1_21373;;;Regelkontrolle; 32;24.10.2022;Prunus;PRUNU003;Prunus avium, Süß-Kirsche, Vogel-Kirsche;Grün- und Parkanlagen; ;HR;2006;;Wasserachse Winzerla;7;22;69;6;1;100701;SW;;;;;;5641554,11502;680834,778824;POINT (680834.778824 5641554.11502);POINT (680834.778824 5641554.11502);POINT (11.57161314891894 50.8972960306071);"{""type"":""Point"",""coordinates"":[11.571613,50.897296]}";"{""type"":""Point"",""bbox"":[11.571613,50.897296,11.571613,50.897296],""coordinates"":[11.571613,50.897296]}";11,5716131489189;50,8972960306071
131;0;29292;1_29396;;;Regelkontrolle; 212;24.10.2022;Sorbus;SORBU002;Sorbus aria, Mehlbeere;Grün- und Parkanlagen; ;HR;2006;;Wasserachse Winzerla;6;14;44;4;1;100701;SW;;;;;;5641742,197;681284,908;POINT (681284.908 5641742.197);POINT (681284.908 5641742.197);POINT (11.57810078129307 50.898844558998775);"{""type"":""Point"",""coordinates"":[11.578101,50.898845]}";"{""type"":""Point"",""bbox"":[11.578101,50.898845,11.578101,50.898845],""coordinates"":[11.578101,50.898845]}";11,5781007812931;50,8988445589988
132;0;29306;1_29410;;;; 226;;Tilia;TILIA001;Tilia cordata 'Greenspire', Stadt-Linde;Grün- und Parkanlagen;;;2006;;Wasserachse Winzerla;5;13;41;3;1;100701;SW;;;;;;5641766,19158;681303,134896;POINT (681303.134896 5641766.19158);POINT (681303.134896 5641766.19158);POINT (11.578371622188895 50.899054393521915);"{""type"":""Point"",""coordinates"":[11.578372,50.899054]}";"{""type"":""Point"",""bbox"":[11.578372,50.899054,11.578372,50.899054],""coordinates"":[11.578372,50.899054]}";11,5783716221889;50,8990543935219
140;0;29326;1_29430;;;; 246;;Castanea;CASTANEA;Castanea sativa, Ess-Kastanie;Grün- und Parkanlagen;;;2015;;Enver-Simsek-Platz, Grünanlage;7;10;31;3;0;GA3180;SW;;;;;;5641824,7797715;681319,323886979;POINT (681319.3238869789 5641824.779771502);POINT (681319.3238869789 5641824.779771502);POINT (11.578630690682152 50.899575640331676);"{""type"":""Point"",""coordinates"":[11.578631,50.899576]}";"{""type"":""Point"",""bbox"":[11.578631,50.899576,11.578631,50.899576],""coordinates"":[11.578631,50.899576]}";11,5786306906822;50,8995756403317
141;0;29337;1_29441;;;; 257;;Celtis;CELTIS;Celtis australis, südlicher Zürgelbaum;Grün- und Parkanlagen;;;2016;;Enver-Simsek-Platz, Grünanlage;5;10;31;3;0;GA3180;SW;;;;;;5641873,13237572;681277,71815777;POINT (681277.7181577701 5641873.132375719);POINT (681277.7181577701 5641873.132375719);POINT (11.578063637446085 50.90002307969371);"{""type"":""Point"",""coordinates"":[11.578064,50.900023]}";"{""type"":""Point"",""bbox"":[11.578064,50.900023,11.578064,50.900023],""coordinates"":[11.578064,50.900023]}";11,5780636374461;50,9000230796937
16;0;41714;1_39478;;;; 7;;Acer;ACER 015;Acer pseudoplatanus, Bergahorn;Straßenbegleitgrün;;;2017;;Altenburger Str.;5;8;25;2;0;878;N;ALD;;;;;5647250,009;682970,642;POINT (682970.642 5647250.009);POINT (682970.642 5647250.009);POINT (11.604810979705281 50.94779142368419);"{""type"":""Point"",""coordinates"":[11.604811,50.947791]}";"{""type"":""Point"",""bbox"":[11.604811,50.947791,11.604811,50.947791],""coordinates"":[11.604811,50.947791]}";11,6048109797053;50,9477914236842
17;0;41715;1_39479;;;; 8;;Acer;ACER 015;Acer pseudoplatanus, Bergahorn;Straßenbegleitgrün;;;2017;;Altenburger Str.;5;8;25;1;0;878;N;ALD;;;;;5647228,515;682950,196;POINT (682950.196 5647228.515);POINT (682950.196 5647228.515);POINT (11.604509430122999 50.94760482567828);"{""type"":""Point"",""coordinates"":[11.604509,50.947605]}";"{""type"":""Point"",""bbox"":[11.604509,50.947605,11.604509,50.947605],""coordinates"":[11.604509,50.947605]}";11,604509430123;50,9476048256783
157;0;41717;1_39481;;;; 10;;Tilia;TILIA003;Tilia cordata, Winterlinde;Straßenbegleitgrün;;;2017;;Fürstengraben;5;8;25;2;1;650;Z;;;;;;5645231,86566;681821,544479;POINT (681821.544479 5645231.86566);POINT (681821.544479 5645231.86566);POINT (11.58746302491885 50.930025159325965);"{""type"":""Point"",""coordinates"":[11.587463,50.930025]}";"{""type"":""Point"",""bbox"":[11.587463,50.930025,11.587463,50.930025],""coordinates"":[11.587463,50.930025]}";11,5874630249189;50,930025159326
97;0;41729;1_39493;;;; 18;;Tilia;TILIA001;Tilia cordata 'Greenspire', Stadt-Linde;Straßenbegleitgrün;;;2017;;Humboldtstr.;5;8;25;2;0;276;Z;;;;;;5645526,914;680878,198;POINT (680878.198 5645526.914);POINT (680878.198 5645526.914);POINT (11.574199389986685 50.9329722900348);"{""type"":""Point"",""coordinates"":[11.574199,50.932972]}";"{""type"":""Point"",""bbox"":[11.574199,50.932972,11.574199,50.932972],""coordinates"":[11.574199,50.932972]}";11,5741993899867;50,9329722900348
60;0;41923;1_39687;;;; 15;;Tilia;TILIA001;Tilia cordata 'Greenspire', Stadt-Linde;Straßenbegleitgrün;;;2017;;Alfred-Diener-Str.;5;6;20;1;1;2678;SO;;;;;;5640198,516;683141,614;POINT (683141.614 5640198.516);POINT (683141.614 5640198.516);POINT (11.603702707914644 50.88439128972913);"{""type"":""Point"",""coordinates"":[11.603703,50.884391]}";"{""type"":""Point"",""bbox"":[11.603703,50.884391,11.603703,50.884391],""coordinates"":[11.603703,50.884391]}";11,6037027079146;50,8843912897291
58;0;42722;1_40493;;;; 143;;Acer;ACER 001;Acer campestre, Feldahorn;Straßenbegleitgrün;;;2015;;Theobald-Renner-Str.;6;10;31;3;0;2668;SO;;;;;;5640550,94273;683224,378737;POINT (683224.378737 5640550.94273);POINT (683224.378737 5640550.94273);POINT (11.605054745833435 50.88753103215887);"{""type"":""Point"",""coordinates"":[11.605055,50.887531]}";"{""type"":""Point"",""bbox"":[11.605055,50.887531,11.605055,50.887531],""coordinates"":[11.605055,50.887531]}";11,6050547458334;50,8875310321589
160;0;42993;1_40764;;;Regelkontrolle; 63;03.11.2022;Corylus;CORYLUS;Corylus colurna, Baumhasel;Straßenbegleitgrün; ;HR;2017;;Schrödingerstr.;5;8;25;1;3;8666;SW;;;;;;5641995,18806;680735,456671;POINT (680735.456671 5641995.18806);POINT (680735.456671 5641995.18806);POINT (11.570420514094254 50.90128954433653);"{""type"":""Point"",""coordinates"":[11.570421,50.90129]}";"{""type"":""Point"",""bbox"":[11.570421,50.901290,11.570421,50.901290],""coordinates"":[11.570421,50.90129]}";11,5704205140943;50,9012895443365
14;0;43001;1_40772;;;; 101;;Corylus;CORYLUS;Corylus colurna, Baumhasel;Straßenbegleitgrün;;;2016;;Löbstedter Str.;6;9;28;1;0;361;N;LÖB;;;;;5645977,88099;682277,877961;POINT (682277.877961 5645977.88099);POINT (682277.877961 5645977.88099);POINT (11.594322972205829 50.93658288872496);"{""type"":""Point"",""coordinates"":[11.594323,50.936583]}";"{""type"":""Point"",""bbox"":[11.594323,50.936583,11.594323,50.936583],""coordinates"":[11.594323,50.936583]}";11,5943229722058;50,936582888725
15;0;43010;1_40781;;;; 110;;Corylus;CORYLUS;Corylus colurna, Baumhasel;Straßenbegleitgrün;;;2016;;Löbstedter Str.;6;10;31;1;0;361;N;LÖB;;;;;5646060,23255;682330,000878;POINT (682330.000878 5646060.23255);POINT (682330.000878 5646060.23255);POINT (11.595105216548156 50.93730620727734);"{""type"":""Point"",""coordinates"":[11.595105,50.937306]}";"{""type"":""Point"",""bbox"":[11.595105,50.937306,11.595105,50.937306],""coordinates"":[11.595105,50.937306]}";11,5951052165482;50,9373062072773
111;0;43141;1_40912;;;Regelkontrolle; 50;17.02.2022;Aesculus;AESCU003;Aesculus hippocastanum 'Baumannii', Gefülltblühende Rosskastanie;Straßenbegleitgrün; ;UH;2013;;Am Jenzig;7;11;34;3;0;27;N;TAL;;;;;5646009,69933735;683586,602118042;POINT (683586.602118042 5646009.699337351);POINT (683586.602118042 5646009.699337351);POINT (11.612945163436306 50.93645362131675);"{""type"":""Point"",""coordinates"":[11.612945,50.936454]}";"{""type"":""Point"",""bbox"":[11.612945,50.936454,11.612945,50.936454],""coordinates"":[11.612945,50.936454]}";11,6129451634363;50,9364536213168
78;0;43952;1_41723;;;; 19;;Tilia;TILIA002;Tilia cordata 'Rancho';Straßenbegleitgrün;;;2018;;Rudolstädter Str.;5;6;19;1;0;8465;SW;;;;;;5642743,183024;681151,169046;POINT (681151.169046 5642743.183024);POINT (681151.169046 5642743.183024);POINT (11.57669753788805 50.90787893282155);"{""type"":""Point"",""coordinates"":[11.576698,50.907879]}";"{""type"":""Point"",""bbox"":[11.576698,50.907879,11.576698,50.907879],""coordinates"":[11.576698,50.907879]}";11,5766975378881;50,9078789328216
72;0;44334;1_42105;;;; 29;;Gleditsia;GLEDI001;Gleditsia triacanthos, Gleditschie;Straßenbegleitgrün;;;2017;;Bauersfeldstr.;7;8;25;2;3;8640;SW;;;;;;5641632,98217;681152,735479;POINT (681152.735479 5641632.98217);POINT (681152.735479 5641632.98217);POINT (11.576168980317282 50.89790489577253);"{""type"":""Point"",""coordinates"":[11.576169,50.897905]}";"{""type"":""Point"",""bbox"":[11.576169,50.897905,11.576169,50.897905],""coordinates"":[11.576169,50.897905]}";11,5761689803173;50,8979048957725
73;0;44338;1_42109;;;; 33;;Gleditsia;GLEDI001;Gleditsia triacanthos, Gleditschie;Straßenbegleitgrün;;;2017;;Bauersfeldstr.;7;8;25;2;0;8640;SW;;;;;;5641595,77514;681171,471286;POINT (681171.471286 5641595.77514);POINT (681171.471286 5641595.77514);POINT (11.576416677577539 50.89756476712833);"{""type"":""Point"",""coordinates"":[11.576417,50.897565]}";"{""type"":""Point"",""bbox"":[11.576417,50.897565,11.576417,50.897565],""coordinates"":[11.576417,50.897565]}";11,5764166775775;50,8975647671283
70;0;45099;1_42872;;;Regelkontrolle; 1200;09.04.2019;Platanus;PLATA001;Platanus x acerifolia, Platane;Straßenbegleitgrün; ;MV;2014;;Stadtrodaer Str.;5;10;31;2;1;714;SO;;;;;;5640171,0494;683902,208799;POINT (683902.208799 5640171.0494);POINT (683902.208799 5640171.0494);POINT (11.614490170240158 50.883902973619925);"{""type"":""Point"",""coordinates"":[11.61449,50.883903]}";"{""type"":""Point"",""bbox"":[11.614490,50.883903,11.614490,50.883903],""coordinates"":[11.61449,50.883903]}";11,6144901702402;50,8839029736199
56;0;45118;1_42891;;;; 231;;Tilia;TILIA001;Tilia cordata 'Greenspire', Stadt-Linde;Straßenbegleitgrün;;;2017;;Karl-Marx-Allee;5;5;16;1,5;0;2309;SO;;;;;;5640097,431;683148,517;POINT (683148.517 5640097.431);POINT (683148.517 5640097.431);POINT (11.603750089045782 50.883481016174784);"{""type"":""Point"",""coordinates"":[11.60375,50.883481]}";"{""type"":""Point"",""bbox"":[11.603750,50.883481,11.603750,50.883481],""coordinates"":[11.60375,50.883481]}";11,6037500890458;50,8834810161748
61;FALSCH;45197;1_42970;;;; 38;;Acer;ACER 023;Acer campestre ‘Elsrijk‘, Feld-Ahorn;Grün- und Parkanlagen;;;2018;;Lobdeburgtunnel;4;5;15;1;0;GA LBT;SO;;;;;;5639745,03271;683560,004887;POINT (683560.004887 5639745.03271);POINT (683560.004887 5639745.03271);POINT (11.60941662576422 50.88018472879241);"{""type"":""Point"",""coordinates"":[11.609417,50.880185]}";"{""type"":""Point"",""bbox"":[11.609417,50.880185,11.609417,50.880185],""coordinates"":[11.609417,50.880185]}";11,6094166257642;50,8801847287924
103;FALSCH;45215;1_42988;;;; 64;;Tilia;TILIA001;Tilia cordata 'Greenspire', Stadt-Linde;Grün- und Parkanlagen;;;2019;;Knoten Lobeda-Ost 2;4;5;15;1;0;KN LOO2;SO;;;;;;5640676,35170223;683538,107910474;POINT (683538.1079104737 5640676.351702228);POINT (683538.1079104737 5640676.351702228);POINT (11.609573343014198 50.88855804378805);"{""type"":""Point"",""coordinates"":[11.609573,50.888558]}";"{""type"":""Point"",""bbox"":[11.609573,50.888558,11.609573,50.888558],""coordinates"":[11.609573,50.888558]}";11,6095733430142;50,8885580437881
104;FALSCH;45217;1_42990;;;; 66;;Acer;ACER 023;Acer campestre ‘Elsrijk‘, Feld-Ahorn;Grün- und Parkanlagen;;;2019;;Knoten Lobeda-Ost 2;4;5;15;1;0;KN LOO2;SO;;;;;;5640673,21323;683564,939905;POINT (683564.939905 5640673.21323);POINT (683564.939905 5640673.21323);POINT (11.609952844993808 50.88852132497117);"{""type"":""Point"",""coordinates"":[11.609953,50.888521]}";"{""type"":""Point"",""bbox"":[11.609953,50.888521,11.609953,50.888521],""coordinates"":[11.609953,50.888521]}";11,6099528449938;50,8885213249712
81;FALSCH;45236;1_43009;;;Regelkontrolle; 3;24.04.2023;Tilia;TILIA001;Tilia cordata 'Greenspire', Stadt-Linde;Straßenbegleitgrün;;HR;2019;;Kahlaische Str.;5;6;19;2;0;305;SW;;;;;;5644420,16113;681514,160744;POINT (681514.160744 5644420.16113);POINT (681514.160744 5644420.16113);POINT (11.582689405252735 50.92283003762961);"{""type"":""Point"",""coordinates"":[11.582689,50.92283]}";"{""type"":""Point"",""bbox"":[11.582689,50.922830,11.582689,50.922830],""coordinates"":[11.582689,50.92283]}";11,5826894052527;50,9228300376296
133;FALSCH;45645;1_43418;;;; 139;;Acer;ACER 023;Acer campestre ‘Elsrijk‘, Feld-Ahorn;Grün- und Parkanlagen;;;2017;;Wasserachse Winzerla;6;10;31;2;0;100701;SW;;;;;;5641656,75423;681078,41825;POINT (681078.41825 5641656.75423);POINT (681078.41825 5641656.75423);POINT (11.575125043842082 50.89814175976436);"{""type"":""Point"",""coordinates"":[11.575125,50.898142]}";"{""type"":""Point"",""bbox"":[11.575125,50.898142,11.575125,50.898142],""coordinates"":[11.575125,50.898142]}";11,5751250438421;50,8981417597644
168;FALSCH;45833;1_43606;;;; 21;;Quercus;QUERC002;Quercus frainetto, Ungarische Eiche;Straßenbegleitgrün;;;2019;;Löbstedter Str.;5;8;25;2;0;361;N;LÖB;;;;;5647021,427;683281,949;POINT (683281.949 5647021.427);POINT (683281.949 5647021.427);POINT (11.609122878344069 50.945639129960774);"{""type"":""Point"",""coordinates"":[11.609123,50.945639]}";"{""type"":""Point"",""bbox"":[11.609123,50.945639,11.609123,50.945639],""coordinates"":[11.609123,50.945639]}";11,6091228783441;50,9456391299608
13;FALSCH;45835;1_43608;;;; 30;;Quercus;QUERC002;Quercus frainetto, Ungarische Eiche;Straßenbegleitgrün;;;2019;;Löbstedter Str.;5;8;25;1;0;361;N;LÖB;;;;;5646911,105;683162,411;POINT (683162.411 5646911.105);POINT (683162.411 5646911.105);POINT (11.607367595951468 50.94468606561433);"{""type"":""Point"",""coordinates"":[11.607368,50.944686]}";"{""type"":""Point"",""bbox"":[11.607368,50.944686,11.607368,50.944686],""coordinates"":[11.607368,50.944686]}";11,6073675959515;50,9446860656143
47;FALSCH;46609;1_44382;;;Regelkontrolle; 25;23.08.2022;Tilia;TILIA001;Tilia cordata 'Greenspire', Stadt-Linde;Grün- und Parkanlagen; ;MV;2019;;Schneckengasse, Grünanlage;5;8;25;1,5;0;GA2712;SO;;;;;;5641497,52879206;683181,833948501;POINT (683181.833948501 5641497.528792065);POINT (683181.833948501 5641497.528792065);POINT (11.60492511469839 50.89604805322073);"{""type"":""Point"",""coordinates"":[11.604925,50.896048]}";"{""type"":""Point"",""bbox"":[11.604925,50.896048,11.604925,50.896048],""coordinates"":[11.604925,50.896048]}";11,6049251146984;50,8960480532207
4;FALSCH;46612;1_44385;;;Regelkontrolle; 20;01.11.2021;Corylus;CORYLUS;Corylus colurna, Baumhasel;Straßenbegleitgrün; ;UH;2019;;Carl-Orff-Str.;5;9;28;1;0;898;N;;;;;;5649202,29323525;684107,125433158;POINT (684107.1254331575 5649202.293235248);POINT (684107.1254331575 5649202.293235248);POINT (11.621959558798498 50.964967273816264);"{""type"":""Point"",""coordinates"":[11.62196,50.964967]}";"{""type"":""Point"",""bbox"":[11.621960,50.964967,11.621960,50.964967],""coordinates"":[11.62196,50.964967]}";11,6219595587985;50,9649672738163
170;FALSCH;46626;1_44399;;;Regelkontrolle; 137;04.10.2022;Carpinus;CARPI002;Carpinus betulus, Hainbuche,Weißbuche;Straßenbegleitgrün; ;UH;2019;;Radweg am Ostbad;5;9;28;1;0;100714;N;;;;;;5646022,596;683142,538;POINT (683142.538 5646022.596);POINT (683142.538 5646022.596);POINT (11.606638385387628 50.936710656747714);"{""type"":""Point"",""coordinates"":[11.606638,50.936711]}";"{""type"":""Point"",""bbox"":[11.606638,50.936711,11.606638,50.936711],""coordinates"":[11.606638,50.936711]}";11,6066383853876;50,9367106567477
91;FALSCH;46632;1_44405;;;Regelkontrolle; 60;15.05.2023;Tilia;TILIA002;Tilia cordata 'Rancho';Straßenbegleitgrün;;HR;2019;;Forstweg;5;9;28;1,5;0;176;Z;;;;;;5644769,2056774;680812,831666347;POINT (680812.831666347 5644769.205677396);POINT (680812.831666347 5644769.205677396);POINT (11.572894325116474 50.92618588624657);"{""type"":""Point"",""coordinates"":[11.572894,50.926186]}";"{""type"":""Point"",""bbox"":[11.572894,50.926186,11.572894,50.926186],""coordinates"":[11.572894,50.926186]}";11,5728943251165;50,9261858862466
144;FALSCH;46634;1_44407;;;Regelkontrolle; 52;03.11.2022;Corylus;CORYLUS;Corylus colurna, Baumhasel;Grün- und Parkanlagen; ;HR;2019;;Hermann-Pistor-Str., Grünanlage;5;8;25;1;0;GA8388;SW;;;;;;5641919,636;680710,665;POINT (680710.665 5641919.636);POINT (680710.665 5641919.636);POINT (11.57003091715525 50.90061857377299);"{""type"":""Point"",""coordinates"":[11.570031,50.900619]}";"{""type"":""Point"",""bbox"":[11.570031,50.900619,11.570031,50.900619],""coordinates"":[11.570031,50.900619]}";11,5700309171553;50,900618573773
1;FALSCH;46647;2_44420;;;Regelkontrolle; 1;13.04.2022;Castanea;CASTANEA;Castanea sativa, Ess-Kastanie;Kindertagesstätten; ;AP;2019;CArl- Orff- Str.;021.011 - Kita Kleine Forscher, Carl-Orff-Str. 8;5;8;25;1;0;021.011;KIJ;;;;;;5649137,58478;684115,223494;POINT (684115.223494 5649137.58478);POINT (684115.223494 5649137.58478);POINT (11.622042013711088 50.964383401650686);"{""type"":""Point"",""coordinates"":[11.622042,50.964383]}";"{""type"":""Point"",""bbox"":[11.622042,50.964383,11.622042,50.964383],""coordinates"":[11.622042,50.964383]}";11,6220420137111;50,9643834016507
34;FALSCH;46849;1_44622;;;; 200;;Malus;MALUS001;Malus domestica, Apfel;Grün- und Parkanlagen;;;2020;;Franz-Liszt-Str., Grünanlage;4;8;25;1;0;GA 179;N;;;;;;5645017,459498;684764,488234;POINT (684764.488234 5645017.459498);POINT (684764.488234 5645017.459498);POINT (11.62918800019794 50.927164067264144);"{""type"":""Point"",""coordinates"":[11.629188,50.927164]}";"{""type"":""Point"",""bbox"":[11.629188,50.927164,11.629188,50.927164],""coordinates"":[11.629188,50.927164]}";11,6291880001979;50,9271640672641
35;FALSCH;46850;1_44623;;;; 236;;Prunus;PRUNU003;Prunus avium, Süß-Kirsche, Vogel-Kirsche;Grün- und Parkanlagen;;;2020;;Franz-Liszt-Str., Grünanlage;4;8;25;1;0;GA 179;N;;;;;;5645053,464695;684910,127105;POINT (684910.127105 5645053.464695);POINT (684910.127105 5645053.464695);POINT (11.63127635683577 50.92744084727499);"{""type"":""Point"",""coordinates"":[11.631276,50.927441]}";"{""type"":""Point"",""bbox"":[11.631276,50.927441,11.631276,50.927441],""coordinates"":[11.631276,50.927441]}";11,6312763568358;50,927440847275
28;FALSCH;46887;1_44660;;;; 12;;Amelanchier;AMELA002;Amelanchier lamarckii, Kupfer-Felsenbirne;Straßenbegleitgrün;;;2018;;Sophienstr.;5;8;24;2;1;508;Z;;;;;;5645843,3983;681895,363316;POINT (681895.363316 5645843.3983);POINT (681895.363316 5645843.3983);POINT (11.588817546781868 50.935495541450415);"{""type"":""Point"",""coordinates"":[11.588818,50.935496]}";"{""type"":""Point"",""bbox"":[11.588818,50.935496,11.588818,50.935496],""coordinates"":[11.588818,50.935496]}";11,5888175467819;50,9354955414504
48;FALSCH;46938;1_44711;;;; 22;;Gleditsia;GLEDI001;Gleditsia triacanthos, Gleditschie;Grün- und Parkanlagen;;;2020;;Schneckengasse, Grünanlage;5;5;16;1;0;GA2712;SO;;;;;;5641484,63586716;683215,397774811;POINT (683215.3977748113 5641484.635867163);POINT (683215.3977748113 5641484.635867163);POINT (11.605395412609486 50.89592158549781);"{""type"":""Point"",""coordinates"":[11.605395,50.895922]}";"{""type"":""Point"",""bbox"":[11.605395,50.895922,11.605395,50.895922],""coordinates"":[11.605395,50.895922]}";11,6053954126095;50,8959215854978
116;FALSCH;47004;1_44777;;;; 260;;Acer;ACER 023;Acer campestre ‘Elsrijk‘, Feld-Ahorn;Grün- und Parkanlagen;;;2020;;Saaleaue Lobeda West;3;5;16;1;0;GA PW;SO;;;;;;5640055,89803353;682950,357056379;POINT (682950.357056379 5640055.898033533);POINT (682950.357056379 5640055.898033533);POINT (11.60091524342042 50.88317068326633);"{""type"":""Point"",""coordinates"":[11.600915,50.883171]}";"{""type"":""Point"",""bbox"":[11.600915,50.883171,11.600915,50.883171],""coordinates"":[11.600915,50.883171]}";11,6009152434204;50,8831706832663
49;FALSCH;47017;1_44790;;;; 106;;Carpinus;CARPI002;Carpinus betulus, Hainbuche,Weißbuche;Grün- und Parkanlagen;;;2020;;Drackendorfer Park;3;5;16;1;0;DRACKEND;SO;;;;;;5640455,554742;684824,828795103;POINT (684824.8287951034 5640455.554741998);POINT (684824.8287951034 5640455.554741998);POINT (11.627735984516345 50.886164371476234);"{""type"":""Point"",""coordinates"":[11.627736,50.886164]}";"{""type"":""Point"",""bbox"":[11.627736,50.886164,11.627736,50.886164],""coordinates"":[11.627736,50.886164]}";11,6277359845163;50,8861643714762
139;FALSCH;47045;1_44818;;;Regelkontrolle; 23;24.10.2022;Quercus;QUERC005;Quercus robur, Stieleiche;Grün- und Parkanlagen; ;HR;2019;;Wasserachse Winzerla;5;8;25;1;1;100701;SW;;;;;;5641538,63671;680786,907891;POINT (680786.907891 5641538.63671);POINT (680786.907891 5641538.63671);POINT (11.57092545759546 50.89717196657362);"{""type"":""Point"",""coordinates"":[11.570925,50.897172]}";"{""type"":""Point"",""bbox"":[11.570925,50.897172,11.570925,50.897172],""coordinates"":[11.570925,50.897172]}";11,5709254575955;50,8971719665736
57;FALSCH;48815;1_46702;;;Regelkontrolle; 6;16.12.2022;Tilia;TILIA001;Tilia cordata 'Greenspire', Stadt-Linde;Spielplätze;;MV;2020;;5.03 Skateboardbahn Lobeda;4;6;19;1,5;0;S587;SO;;;;;;5640105,464;683188,222;POINT (683188.222 5640105.464);POINT (683188.222 5640105.464);POINT (11.6043179621128 50.88354059348026);"{""type"":""Point"",""coordinates"":[11.604318,50.883541]}";"{""type"":""Point"",""bbox"":[11.604318,50.883541,11.604318,50.883541],""coordinates"":[11.604318,50.883541]}";11,6043179621128;50,8835405934803
30;FALSCH;48869;1_46756;;;Regelkontrolle; 58;05.07.2021;Carpinus;CARPI002;Carpinus betulus, Hainbuche,Weißbuche;Straßenbegleitgrün; ;UH;2020;;Jenzigweg;3;6;19;1;0;293;N;;;;;;5645777,11921608;683022,197904895;POINT (683022.197904895 5645777.119216084);POINT (683022.197904895 5645777.119216084);POINT (11.604804220324777 50.93454366670601);"{""type"":""Point"",""coordinates"":[11.604804,50.934544]}";"{""type"":""Point"",""bbox"":[11.604804,50.934544,11.604804,50.934544],""coordinates"":[11.604804,50.934544]}";11,6048042203248;50,934543666706
22;FALSCH;48871;1_46758;;;Regelkontrolle; 61;20.04.2022;Crataegus;CRATA004;Crataegus laevigata 'Paul's Scarlet', Rotdorn;Straßenbegleitgrün; ;UH;2020;;Karl-Liebknecht-Str.;3;6;19;1;0;308;N;KES;;;;;5645678,276;683760,029;POINT (683760.029 5645678.276);POINT (683760.029 5645678.276);POINT (11.615243657046207 50.93342114100481);"{""type"":""Point"",""coordinates"":[11.615244,50.933421]}";"{""type"":""Point"",""bbox"":[11.615244,50.933421,11.615244,50.933421],""coordinates"":[11.615244,50.933421]}";11,6152436570462;50,9334211410048
10;FALSCH;48874;1_46761;;;Regelkontrolle; 147;05.07.2021;Tilia;TILIA001;Tilia cordata 'Greenspire', Stadt-Linde;Straßenbegleitgrün; ;UH;2020;;Wiesenstr.;3;6;19;1;0;580;N;WIS;;;;;5647350,372;683720,153;POINT (683720.153 5647350.372);POINT (683720.153 5647350.372);POINT (11.61551995219566 50.94845464402496);"{""type"":""Point"",""coordinates"":[11.61552,50.948455]}";"{""type"":""Point"",""bbox"":[11.615520,50.948455,11.615520,50.948455],""coordinates"":[11.61552,50.948455]}";11,6155199521957;50,948454644025
29;FALSCH;48881;1_46768;;;Regelkontrolle; 9;16.08.2022;Celtis;CELTIS01;Celtis occidentalis, Amerikanischer Zürgelbaum;Spielplätze; ;HR;2020;;2.03 Kritzegraben;3;6;19;1;0;S580;Z;;;;;;5645609,664;681730,126;POINT (681729.7612820363 5645609.878150264);POINT (681729.7612820363 5645609.878150264);POINT (11.586346754892315 50.93344993175916);"{""type"":""Point"",""coordinates"":[11.586347,50.93345]}";"{""type"":""Point"",""bbox"":[11.586347,50.933450,11.586347,50.933450],""coordinates"":[11.586347,50.93345]}";11,5863467548923;50,9334499317592
173;FALSCH;49026;1_46913;;;Regelkontrolle; 85;02.06.2023;Tilia;TILIA003;Tilia cordata, Winterlinde;Grün- und Parkanlagen;;HR;2020;;Landfeste, Grünanlage;5;8;25;1;0;3122;Z;;;;;;5644767,86874888;682109,546665925;POINT (682109.5466659247 5644767.868748877);POINT (682109.5466659247 5644767.868748877);POINT (11.591325290994337 50.925766041735336);"{""type"":""Point"",""coordinates"":[11.591325,50.925766]}";"{""type"":""Point"",""bbox"":[11.591325,50.925766,11.591325,50.925766],""coordinates"":[11.591325,50.925766]}";11,5913252909943;50,9257660417353
174;FALSCH;49030;1_46917;;;Regelkontrolle; 120;02.06.2023;Prunus;PRUNU008;Prunus padus 'Schloss Tiefurt', Traubenkirsche Schloss Tiefurt;Grün- und Parkanlagen;;HR;2020;;Landfeste, Grünanlage;6;8;25;2;0;3122;Z;;;;;;5644793,34969707;682168,960368295;POINT (682168.9603682949 5644793.349697074);POINT (682168.9603682949 5644793.349697074);POINT (11.592182522304872 50.92597619132993);"{""type"":""Point"",""coordinates"":[11.592183,50.925976]}";"{""type"":""Point"",""bbox"":[11.592183,50.925976,11.592183,50.925976],""coordinates"":[11.592183,50.925976]}";11,5921825223049;50,9259761913299
172;FALSCH;49040;1_46927;;;Regelkontrolle; 56;02.06.2023;Tilia;TILIA003;Tilia cordata, Winterlinde;Grün- und Parkanlagen;;HR;2020;;Landfeste, Grünanlage;4;8;25;2;0;3122;Z;;;;;;5644871,77851837;682233,760745942;POINT (682233.7607459424 5644871.7785183685);POINT (682233.7607459424 5644871.7785183685);POINT (11.593142789246969 50.926660284838476);"{""type"":""Point"",""coordinates"":[11.593143,50.92666]}";"{""type"":""Point"",""bbox"":[11.593143,50.926660,11.593143,50.926660],""coordinates"":[11.593143,50.92666]}";11,593142789247;50,9266602848385
171;FALSCH;49045;1_46932;;;Regelkontrolle; 12;02.06.2023;Tilia;TILIA003;Tilia cordata, Winterlinde;Grün- und Parkanlagen;;HR;2020;;Landfeste, Grünanlage;5;9;28;2;0;3122;Z;;;;;;5645032,5523804;682307,229022614;POINT (682307.2290226144 5645032.552380397);POINT (682307.2290226144 5645032.552380397);POINT (11.594267466340385 50.92808136830616);"{""type"":""Point"",""coordinates"":[11.594267,50.928081]}";"{""type"":""Point"",""bbox"":[11.594267,50.928081,11.594267,50.928081],""coordinates"":[11.594267,50.928081]}";11,5942674663404;50,9280813683062
175;FALSCH;49048;1_46935;;;Regelkontrolle; 167;05.06.2023;Liriodendron;LIRIO001;Liriodendron tulipifera, Tulpenbaum;Grün- und Parkanlagen;;HR;2020;;Landfeste, Grünanlage;5;8;25;2;0;3122;Z;;;;;;5644877,86008772;682270,975906602;POINT (682270.975906602 5644877.860087715);POINT (682270.975906602 5644877.860087715);POINT (11.593674812122439 50.92670316200333);"{""type"":""Point"",""coordinates"":[11.593675,50.926703]}";"{""type"":""Point"",""bbox"":[11.593675,50.926703,11.593675,50.926703],""coordinates"":[11.593675,50.926703]}";11,5936748121224;50,9267031620033
176;FALSCH;49053;1_46940;;;Regelkontrolle; 205;05.06.2023;Catalpa;CATALPA;Catalpa bignonioides, Trompetenbaum;Grün- und Parkanlagen;;HR;2020;;Landfeste, Grünanlage;5;8;25;3;0;3122;Z;;;;;;5645019,98758871;682341,569486641;POINT (682341.5694866412 5645019.987588706);POINT (682341.5694866412 5645019.987588706);POINT (11.594749318404773 50.92795764128873);"{""type"":""Point"",""coordinates"":[11.594749,50.927958]}";"{""type"":""Point"",""bbox"":[11.594749,50.927958,11.594749,50.927958],""coordinates"":[11.594749,50.927958]}";11,5947493184048;50,9279576412887
177;FALSCH;49055;1_46942;;;Regelkontrolle; 224;05.06.2023;Quercus;QUERC004;Quercus robur 'Fastigiata', Pyramideneiche;Grün- und Parkanlagen;;HR;2020;;Landfeste, Grünanlage;6;8;25;1;0;3122;Z;;;;;;5645075,48077477;682337,422056553;POINT (682337.4220565528 5645075.480774766);POINT (682337.4220565528 5645075.480774766);POINT (11.594718116879124 50.92845746860329);"{""type"":""Point"",""coordinates"":[11.594718,50.928457]}";"{""type"":""Point"",""bbox"":[11.594718,50.928457,11.594718,50.928457],""coordinates"":[11.594718,50.928457]}";11,5947181168791;50,9284574686033
109;FALSCH;49086;1_46973;;;; 36;;Ulmus;ULMUS007;Ulmus hollandica 'Lobel', Ulme;Straßenbegleitgrün;8;;2021;;Ziegenhainer Str.;4;5;16;1;0;601;SO;;;;;;5644240,498;683392,668;POINT (683392.6680000001 5644240.498);POINT (683392.6680000001 5644240.498);POINT (11.609298087803815 50.92062209992032);"{""type"":""Point"",""coordinates"":[11.609298,50.920622]}";"{""type"":""Point"",""bbox"":[11.609298,50.920622,11.609298,50.920622],""coordinates"":[11.609298,50.920622]}";11,6092980878038;50,9206220999203
110;FALSCH;49095;1_46982;;;; 45;;Ulmus;ULMUS007;Ulmus hollandica 'Lobel', Ulme;Straßenbegleitgrün;8;;2021;;Ziegenhainer Str.;4;5;16;1;0;601;SO;;;;;;5644221,216;683468,38;POINT (683468.38 5644221.216);POINT (683468.38 5644221.216);POINT (11.610364419481042 50.920424818124154);"{""type"":""Point"",""coordinates"":[11.610364,50.920425]}";"{""type"":""Point"",""bbox"":[11.610364,50.920425,11.610364,50.920425],""coordinates"":[11.610364,50.920425]}";11,610364419481;50,9204248181242
42;FALSCH;49097;1_46984;;;; 176;;Fraxinus;FRAXI008;Fraxinus pennsylvanica, Rotesche;Straßenbegleitgrün;;;2021;;Wöllnitzer Str.;3;5;16;1;0;1596;SO;;;;;;5643616,05183617;682136,258184269;POINT (682136.2581842687 5643616.051836168);POINT (682136.2581842687 5643616.051836168);POINT (11.591129823687377 50.91541035821555);"{""type"":""Point"",""coordinates"":[11.59113,50.91541]}";"{""type"":""Point"",""bbox"":[11.591130,50.915410,11.591130,50.915410],""coordinates"":[11.59113,50.91541]}";11,5911298236874;50,9154103582156
43;FALSCH;49117;1_47004;;;; 196;;Fraxinus;FRAXI008;Fraxinus pennsylvanica, Rotesche;Straßenbegleitgrün;;;2021;;Wöllnitzer Str.;3;5;16;1;0;1596;SO;;;;;;5643773,63031252;682202,714401809;POINT (682202.7144018094 5643773.630312518);POINT (682202.7144018094 5643773.630312518);POINT (11.592152910577331 50.91680497667089);"{""type"":""Point"",""coordinates"":[11.592153,50.916805]}";"{""type"":""Point"",""bbox"":[11.592153,50.916805,11.592153,50.916805],""coordinates"":[11.592153,50.916805]}";11,5921529105773;50,9168049766709
79;FALSCH;49145;1_47032;;;; 181;;Celtis;CELTIS;Celtis australis, südlicher Zürgelbaum;Straßenbegleitgrün;;;2021;;Rudolstädter Str.;5;7;22;1;0;8465;SW;;;;;;5642391,58643269;681206,783771174;POINT (681206.7837711741 5642391.586432693);POINT (681206.7837711741 5642391.586432693);POINT (11.577313220643859 50.90470289808725);"{""type"":""Point"",""coordinates"":[11.577313,50.904703]}";"{""type"":""Point"",""bbox"":[11.577313,50.904703,11.577313,50.904703],""coordinates"":[11.577313,50.904703]}";11,5773132206439;50,9047028980873
80;FALSCH;49163;1_47050;;;; 199;;Ulmus;ULMUS007;Ulmus hollandica 'Lobel', Ulme;Straßenbegleitgrün;;;2021;;Rudolstädter Str.;3;5;16;1;0;8465;SW;;;;;;5642559,430294;681177,726883;POINT (681177.726883 5642559.430294);POINT (681177.726883 5642559.430294);POINT (11.576983687509077 50.906219849018036);"{""type"":""Point"",""coordinates"":[11.576984,50.90622]}";"{""type"":""Point"",""bbox"":[11.576984,50.906220,11.576984,50.906220],""coordinates"":[11.576984,50.90622]}";11,5769836875091;50,906219849018
39;FALSCH;49165;1_47052;;;; 41;;Tilia;TILIA002;Tilia cordata 'Rancho';Straßenbegleitgrün;;;2021;;Friedrich-Engels-Str.;4;7;22;1;0;190;SO;;;;;;5644482,963;682744,771;POINT (682744.771 5644482.963);POINT (682744.771 5644482.963);POINT (11.600211503819644 50.92300578683763);"{""type"":""Point"",""coordinates"":[11.600212,50.923006]}";"{""type"":""Point"",""bbox"":[11.600212,50.923006,11.600212,50.923006],""coordinates"":[11.600212,50.923006]}";11,6002115038196;50,9230057868376
162;FALSCH;49168;1_47055;;;; 110;;Acer;ACER 023;Acer campestre ‘Elsrijk‘, Feld-Ahorn;Straßenbegleitgrün;;;2021;;Lobedaer Str.;4;6;19;1,5;0;8656;SW;;;;;;5641782,446039;682552,887966;POINT (682552.887966 5641782.446039);POINT (682552.887966 5641782.446039);POINT (11.596133465069004 50.89880671786678);"{""type"":""Point"",""coordinates"":[11.596133,50.898807]}";"{""type"":""Point"",""bbox"":[11.596133,50.898807,11.596133,50.898807],""coordinates"":[11.596133,50.898807]}";11,596133465069;50,8988067178668
163;FALSCH;49188;1_47075;;;; 124;;Acer;ACER 023;Acer campestre ‘Elsrijk‘, Feld-Ahorn;Straßenbegleitgrün;;;2021;;Lobedaer Str.;4;6;20;1,5;0;8656;SW;;;;;;5641777,89143;682660,275104;POINT (682660.275104 5641777.89143);POINT (682660.275104 5641777.89143);POINT (11.59765669136399 50.898731846920874);"{""type"":""Point"",""coordinates"":[11.597657,50.898732]}";"{""type"":""Point"",""bbox"":[11.597657,50.898732,11.597657,50.898732],""coordinates"":[11.597657,50.898732]}";11,597656691364;50,8987318469209
164;FALSCH;49204;1_47091;;;; 81;;Acer;ACER 023;Acer campestre ‘Elsrijk‘, Feld-Ahorn;Straßenbegleitgrün;;;2021;;Lobedaer Str.;4;6;19;1,5;0;8656;SW;;;;;;5641739,49377;682165,901146;POINT (682165.901146 5641739.49377);POINT (682165.901146 5641739.49377);POINT (11.59061461627286 50.898543055266146);"{""type"":""Point"",""coordinates"":[11.590615,50.898543]}";"{""type"":""Point"",""bbox"":[11.590615,50.898543,11.590615,50.898543],""coordinates"":[11.590615,50.898543]}";11,5906146162729;50,8985430552661
165;FALSCH;49205;1_47092;;;; 29;;Acer;ACER 023;Acer campestre ‘Elsrijk‘, Feld-Ahorn;Straßenbegleitgrün;;;2021;;Lobedaer Str.;4;6;19;1,5;0;8656;SW;;;;;;5641770,41695;682636,727188;POINT (682636.727188 5641770.41695);POINT (682636.727188 5641770.41695);POINT (11.59731844056315 50.89867214798569);"{""type"":""Point"",""coordinates"":[11.597318,50.898672]}";"{""type"":""Point"",""bbox"":[11.597318,50.898672,11.597318,50.898672],""coordinates"":[11.597318,50.898672]}";11,5973184405632;50,8986721479857
166;FALSCH;49232;1_47119;;;; 56;;Acer;ACER 023;Acer campestre ‘Elsrijk‘, Feld-Ahorn;Straßenbegleitgrün;;;2021;;Lobedaer Str.;4;6;19;1,5;0;8656;SW;;;;;;5641753,81434;682425,258958;POINT (682425.258958 5641753.81434);POINT (682425.258958 5641753.81434);POINT (11.59430610635723 50.89858983646525);"{""type"":""Point"",""coordinates"":[11.594306,50.89859]}";"{""type"":""Point"",""bbox"":[11.594306,50.898590,11.594306,50.898590],""coordinates"":[11.594306,50.89859]}";11,5943061063572;50,8985898364652
105;FALSCH;49247;1_47134;;;; 47;;Celtis;CELTIS;Celtis australis, südlicher Zürgelbaum;Grün- und Parkanlagen;;;2021;;Saaleaue Lobeda West;3;5;16;1;0;GA PW;SO;;;;;;5639583,93888186;682960,967645469;POINT (682960.9676454687 5639583.938881862);POINT (682960.9676454687 5639583.938881862);POINT (11.600829723599132 50.87892752092964);"{""type"":""Point"",""coordinates"":[11.60083,50.878928]}";"{""type"":""Point"",""bbox"":[11.600830,50.878928,11.600830,50.878928],""coordinates"":[11.60083,50.878928]}";11,6008297235991;50,8789275209296
84;FALSCH;49950;1_47837;;;Regelkontrolle; 10;19.08.2021;Quercus;QUERC004;Quercus robur 'Fastigiata', Pyramideneiche;Straßenbegleitgrün; ;HR;2020;;Tatzendpromenade;6;8;25;1;0;532;SW;;;;;;5644253,4351173;680578,318835951;POINT (680578.3188359507 5644253.435117303);POINT (680578.3188359507 5644253.435117303);POINT (11.569305501547671 50.9216258736529);"{""type"":""Point"",""coordinates"":[11.569306,50.921626]}";"{""type"":""Point"",""bbox"":[11.569306,50.921626,11.569306,50.921626],""coordinates"":[11.569306,50.921626]}";11,5693055015477;50,9216258736529
85;FALSCH;49957;1_47844;;;Regelkontrolle; 17;19.08.2021;Gleditsia;GLEDI002;Gleditsia triacanthos 'Skyline', Lederhülsenbaum;Straßenbegleitgrün; ;HR;2020;;Tatzendpromenade;5;8;25;1;0;532;SW;;;;;;5644085,86032481;680611,898641658;POINT (680611.8986416577 5644085.860324806);POINT (680611.8986416577 5644085.860324806);POINT (11.56969979088794 50.92010994446393);"{""type"":""Point"",""coordinates"":[11.5697,50.92011]}";"{""type"":""Point"",""bbox"":[11.569700,50.920110,11.569700,50.920110],""coordinates"":[11.5697,50.92011]}";11,5696997908879;50,9201099444639
86;FALSCH;49976;1_47863;;;; 26;;Gleditsia;GLEDI002;Gleditsia triacanthos 'Skyline', Lederhülsenbaum;Straßenbegleitgrün; ;;2020;;Tatzendpromenade;6;8;25;1,5;0;532;SW;;;;;;5644173,03511619;680612,615352208;POINT (680612.6153522081 5644173.03511619);POINT (680612.6153522081 5644173.03511619);POINT (11.569753142396351 50.92089286105194);"{""type"":""Point"",""coordinates"":[11.569753,50.920893]}";"{""type"":""Point"",""bbox"":[11.569753,50.920893,11.569753,50.920893],""coordinates"":[11.569753,50.920893]}";11,5697531423964;50,9208928610519
87;FALSCH;49978;1_47865;;;; 30;;Gleditsia;GLEDI002;Gleditsia triacanthos 'Skyline', Lederhülsenbaum;Straßenbegleitgrün; ;;2020;;Tatzendpromenade;5;7;22;1,5;0;532;SW;;;;;;5644310,74771;680571,440798;POINT (680571.440798 5644310.74771);POINT (680571.440798 5644310.74771);POINT (11.569236119148863 50.92214289780813);"{""type"":""Point"",""coordinates"":[11.569236,50.922143]}";"{""type"":""Point"",""bbox"":[11.569236,50.922143,11.569236,50.922143],""coordinates"":[11.569236,50.922143]}";11,5692361191489;50,9221428978081
88;FALSCH;49988;1_47875;;;; 40;;Gleditsia;GLEDI002;Gleditsia triacanthos 'Skyline', Lederhülsenbaum;Straßenbegleitgrün; ;;2020;;Tatzendpromenade;6;7;22;1;0;532;SW;;;;;;5644401,075158;680531,470727;POINT (680531.470727 5644401.075158);POINT (680531.470727 5644401.075158);POINT (11.568712732994728 50.92296686763563);"{""type"":""Point"",""coordinates"":[11.568713,50.922967]}";"{""type"":""Point"",""bbox"":[11.568713,50.922967,11.568713,50.922967],""coordinates"":[11.568713,50.922967]}";11,5687127329947;50,9229668676356
209;FALSCH;50238;1_48126;;;; 10;;Tilia;TILIA;Tilia, Linde;Straßenbegleitgrün;;;2021;;Schlippenstr.;3;8;25;1;0;488;N;KST;;;;;5645435,62929;683003,390354;POINT (683003.390354 5645435.62929);POINT (683003.390354 5645435.62929);POINT (11.604365392739076 50.931481926092005);"{""type"":""Point"",""coordinates"":[11.604365,50.931482]}";"{""type"":""Point"",""bbox"":[11.604365,50.931482,11.604365,50.931482],""coordinates"":[11.604365,50.931482]}";11,6043653927391;50,931481926092
100;FALSCH;50291;1_48179;;;Regelkontrolle; 16;18.04.2023;Gleditsia;GLEDI002;Gleditsia triacanthos 'Skyline', Lederhülsenbaum;Straßenbegleitgrün;;HR;2021;Kollegiengasse;Kollegiengasse;5;6;19;1;0;332;Z;;;;;;5645038,2549329;681622,622296356;POINT (681622.6222963564 5645038.254932897);POINT (681622.6222963564 5645038.254932897);POINT (11.584538835693246 50.92834852925378);"{""type"":""Point"",""coordinates"":[11.584539,50.928349]}";"{""type"":""Point"",""bbox"":[11.584539,50.928349,11.584539,50.928349],""coordinates"":[11.584539,50.928349]}";11,5845388356932;50,9283485292538
83;FALSCH;50773;1_48662;;;Regelkontrolle; 62;24.04.2023;Tilia;TILIA002;Tilia cordata 'Rancho';Straßenbegleitgrün;;HR;2022;;Kahlaische Str.;4;6;19;1;0;305;SW;;;;;;5644284,42589932;681448,531855875;POINT (681448.5318558747 5644284.4258993175);POINT (681448.5318558747 5644284.4258993175);POINT (11.581689084751678 50.92163130360766);"{""type"":""Point"",""coordinates"":[11.581689,50.921631]}";"{""type"":""Point"",""bbox"":[11.581689,50.921631,11.581689,50.921631],""coordinates"":[11.581689,50.921631]}";11,5816890847517;50,9216313036077
112;FALSCH;50788;1_48677;;;; 690;;Carpinus;CARPI002;Carpinus betulus, Hainbuche,Weißbuche;Straßenbegleitgrün;;;2022;;Jägerbergstr.;3;5;16;1;0;9284;N;JÄG;;;;;5648787,808;682370,81;POINT (682370.81 5648787.808);POINT (682370.81 5648787.808);POINT (11.597051399179257 50.961796034208);"{""type"":""Point"",""coordinates"":[11.597051,50.961796]}";"{""type"":""Point"",""bbox"":[11.597051,50.961796,11.597051,50.961796],""coordinates"":[11.597051,50.961796]}";11,5970513991793;50,961796034208
113;FALSCH;50801;1_48690;;;; 434;;Acer;ACER 023;Acer campestre ‘Elsrijk‘, Feld-Ahorn;Straßenbegleitgrün;;;2022;;Jägerbergstr.;3;5;16;1;0;9284;N;JÄG;;;;;5648781,126;682363,913;POINT (682363.913 5648781.126);POINT (682363.913 5648781.126);POINT (11.596949941764171 50.96173819049789);"{""type"":""Point"",""coordinates"":[11.59695,50.961738]}";"{""type"":""Point"",""bbox"":[11.596950,50.961738,11.596950,50.961738],""coordinates"":[11.59695,50.961738]}";11,5969499417642;50,9617381904979
114;FALSCH;50807;1_48696;;;; 810;;Tilia;TILIA008;Tilia tomentosa ‘Brabant‘, Silber-Linde;Straßenbegleitgrün;;;2022;;Jägerbergstr.;3;5;16;1;0;9284;N;JÄG;;;;;5648876,762;682689,741;POINT (682689.741 5648876.762);POINT (682689.741 5648876.762);POINT (11.601632791636787 50.962494106217314);"{""type"":""Point"",""coordinates"":[11.601633,50.962494]}";"{""type"":""Point"",""bbox"":[11.601633,50.962494,11.601633,50.962494],""coordinates"":[11.601633,50.962494]}";11,6016327916368;50,9624941062173
7;FALSCH;50816;1_48705;;;; 202;;Acer;ACER 026;Acer platanoides 'Allershausen', Spitz-Ahorn;Straßenbegleitgrün;;;2022;;Am Heiligenberg;3;5;16;1;0;9022;N;JÄG;;;;;5648627,251094;683207,961694;POINT (683207.961694 5648627.251094);POINT (683207.961694 5648627.251094);POINT (11.60887884157911 50.96008815732074);"{""type"":""Point"",""coordinates"":[11.608879,50.960088]}";"{""type"":""Point"",""bbox"":[11.608879,50.960088,11.608879,50.960088],""coordinates"":[11.608879,50.960088]}";11,6088788415791;50,9600881573207
8;FALSCH;50819;1_48708;;;; 208;;Acer;ACER 026;Acer platanoides 'Allershausen', Spitz-Ahorn;Straßenbegleitgrün;;;2022;;Am Heiligenberg;3;5;16;1;0;9022;N;ZWÄ;;;;;5648712,425201;683195,265198;POINT (683195.265198 5648712.425201);POINT (683195.265198 5648712.425201);POINT (11.608741119140886 50.96085733247368);"{""type"":""Point"",""coordinates"":[11.608741,50.960857]}";"{""type"":""Point"",""bbox"":[11.608741,50.960857,11.608741,50.960857],""coordinates"":[11.608741,50.960857]}";11,6087411191409;50,9608573324737
115;FALSCH;50820;1_48709;;;; 271;;Acer;ACER 026;Acer platanoides 'Allershausen', Spitz-Ahorn;Straßenbegleitgrün;;;2022;;Jägerbergstr.;3;5;16;1;0;9284;N;;;;;;5648867,425297;682775,480484;POINT (682775.480484 5648867.425297);POINT (682775.480484 5648867.425297);POINT (11.602847746545295 50.96238304187179);"{""type"":""Point"",""coordinates"":[11.602848,50.962383]}";"{""type"":""Point"",""bbox"":[11.602848,50.962383,11.602848,50.962383],""coordinates"":[11.602848,50.962383]}";11,6028477465453;50,9623830418718
9;FALSCH;50830;1_48719;;;; 120;;Tilia;TILIA001;Tilia cordata 'Greenspire', Stadt-Linde;Straßenbegleitgrün;;;2022;;Wiesenstr.;3;5;16;1;0;580;N;WIS;;;;;5647192,775;683558,673;POINT (683558.673 5647192.775);POINT (683558.673 5647192.775);POINT (11.613144179417034 50.94709035347543);"{""type"":""Point"",""coordinates"":[11.613144,50.94709]}";"{""type"":""Point"",""bbox"":[11.613144,50.947090,11.613144,50.947090],""coordinates"":[11.613144,50.94709]}";11,613144179417;50,9470903534754
127;WAHR;50834;1_48723;;;; 81;;Acer;ACER 024;Acer platanoides 'Emerald Queen', Spitz-Ahorn;Straßenbegleitgrün;;;2022;;Wiesenstr.;5;5;16;1;0;580;N;WIS;;;;;5646881,586;683229,857;POINT (683229.857 5646881.586);POINT (683229.857 5646881.586);POINT (11.608311796236887 50.94439945920043);"{""type"":""Point"",""coordinates"":[11.608312,50.944399]}";"{""type"":""Point"",""bbox"":[11.608312,50.944399,11.608312,50.944399],""coordinates"":[11.608312,50.944399]}";11,6083117962369;50,9443994592004
11;FALSCH;50837;1_48726;;;; 365;;Acer;ACER 024;Acer platanoides 'Emerald Queen', Spitz-Ahorn;Straßenbegleitgrün;;;2022;;Wiesenstr.;5;5;16;1;0;580;N;WIS;;;;;5646054,998;682545,802;POINT (682545.802 5646054.998);POINT (682545.802 5646054.998);POINT (11.598170720074819 50.93719091872472);"{""type"":""Point"",""coordinates"":[11.598171,50.937191]}";"{""type"":""Point"",""bbox"":[11.598171,50.937191,11.598171,50.937191],""coordinates"":[11.598171,50.937191]}";11,5981707200748;50,9371909187247
12;FALSCH;50838;1_48727;;;; 376;;Acer;ACER 024;Acer platanoides 'Emerald Queen', Spitz-Ahorn;Straßenbegleitgrün;;;2022;;Wiesenstr.;5;5;16;1;0;580;N;WIS;;;;;5646147,317;682628,947;POINT (682628.947 5646147.317);POINT (682628.947 5646147.317);POINT (11.599399087021613 50.93799392829108);"{""type"":""Point"",""coordinates"":[11.599399,50.937994]}";"{""type"":""Point"",""bbox"":[11.599399,50.937994,11.599399,50.937994],""coordinates"":[11.599399,50.937994]}";11,5993990870216;50,9379939282911
32;FALSCH;50847;1_48736;;;; 20;;Ostrya;OSTRY001;Ostrya carpinifolia, Hopfenbuche;Straßenbegleitgrün;;;2022;;Iltisweg;3;5;15;1;0;843;N;;;;;;5645296,07538902;684605,909979786;POINT (684605.9099797863 5645296.07538902);POINT (684605.9099797863 5645296.07538902);POINT (11.627075048941581 50.92971767853747);"{""type"":""Point"",""coordinates"":[11.627075,50.929718]}";"{""type"":""Point"",""bbox"":[11.627075,50.929718,11.627075,50.929718],""coordinates"":[11.627075,50.929718]}";11,6270750489416;50,9297176785375
33;FALSCH;50851;1_48740;;;; 1;;Gleditsia;GLEDI002;Gleditsia triacanthos 'Skyline', Lederhülsenbaum;Spielplätze;;;2022;;3.06 In den Fuchslöchern;3;5;16;1;0;S554;N;;;;;;5645309,16887235;684635,392625;POINT (684635.3926249997 5645309.168872353);POINT (684635.3926249997 5645309.168872353);POINT (11.627500767785305 50.92982586389872);"{""type"":""Point"",""coordinates"":[11.627501,50.929826]}";"{""type"":""Point"",""bbox"":[11.627501,50.929826,11.627501,50.929826],""coordinates"":[11.627501,50.929826]}";11,6275007677853;50,9298258638987
40;FALSCH;50860;1_48749;;;; 33;;Tilia;TILIA002;Tilia cordata 'Rancho';Straßenbegleitgrün;;;2022;;Friedrich-Engels-Str.;4;5;16;1;0;190;SO;;;;;;5644501,61147;682621,728594;POINT (682621.728594 5644501.61147);POINT (682621.728594 5644501.61147);POINT (11.598472039724891 50.923212267703185);"{""type"":""Point"",""coordinates"":[11.598472,50.923212]}";"{""type"":""Point"",""bbox"":[11.598472,50.923212,11.598472,50.923212],""coordinates"":[11.598472,50.923212]}";11,5984720397249;50,9232122677032
44;FALSCH;50861;1_48750;;;; 18;;Tilia;TILIA002;Tilia cordata 'Rancho';Straßenbegleitgrün;;;2022;;Wöllnitzer Str.;4;5;16;1;0;1596;SO;;;;;;5644335,949;682143,717;POINT (682143.717 5644335.949);POINT (682143.717 5644335.949);POINT (11.59159526417371 50.92187514314525);"{""type"":""Point"",""coordinates"":[11.591595,50.921875]}";"{""type"":""Point"",""bbox"":[11.591595,50.921875,11.591595,50.921875],""coordinates"":[11.591595,50.921875]}";11,5915952641737;50,9218751431453
45;FALSCH;50862;1_48751;;;; 22;;Tilia;TILIA002;Tilia cordata 'Rancho';Straßenbegleitgrün;;;2022;;Wöllnitzer Str.;4;5;16;1;0;1596;SO;;;;;;5644274,31322;682149,470718;POINT (682149.470718 5644274.31322);POINT (682149.470718 5644274.31322);POINT (11.591646259338182 50.92131962723521);"{""type"":""Point"",""coordinates"":[11.591646,50.92132]}";"{""type"":""Point"",""bbox"":[11.591646,50.921320,11.591646,50.921320],""coordinates"":[11.591646,50.92132]}";11,5916462593382;50,9213196272352
167;FALSCH;50869;1_48758;;;;G 126;;Cydonia;CYDONIA;Cydonia oblonga, Quitte;Gewässer;;;2022;;Riese;3;;;2;4;G RIESE;GW;;;;;;5642021,92686431;682835,685668031;POINT (682835.6856680311 5642021.926864308);POINT (682835.6856680311 5642021.926864308);POINT (11.60027068228257 50.90086860530248);"{""type"":""Point"",""coordinates"":[11.600271,50.900869]}";"{""type"":""Point"",""bbox"":[11.600271,50.900869,11.600271,50.900869],""coordinates"":[11.600271,50.900869]}";11,6002706822826;50,9008686053025
75;FALSCH;50870;1_48759;;;; 253;;Ostrya;OSTRY001;Ostrya carpinifolia, Hopfenbuche;Grün- und Parkanlagen;;;2022;;Enver-Simsek-Platz, Grünanlage;4;5;16;1;0;GA3180;SW;;;;;;5641874,475741;681302,225281;POINT (681302.225281 5641874.475741);POINT (681302.225281 5641874.475741);POINT (11.578412458335745 50.90002745440032);"{""type"":""Point"",""coordinates"":[11.578412,50.900027]}";"{""type"":""Point"",""bbox"":[11.578412,50.900027,11.578412,50.900027],""coordinates"":[11.578412,50.900027]}";11,5784124583357;50,9000274544003
142;FALSCH;50872;1_48761;;;; 258;;Ostrya;OSTRY001;Ostrya carpinifolia, Hopfenbuche;Grün- und Parkanlagen;;;2022;;Enver-Simsek-Platz, Grünanlage;4;5;16;1;0;GA3180;SW;;;;;;5641868,23133731;681264,732262567;POINT (681264.7322625665 5641868.2313373145);POINT (681264.7322625665 5641868.2313373145);POINT (11.577876724004193 50.89998312720982);"{""type"":""Point"",""coordinates"":[11.577877,50.899983]}";"{""type"":""Point"",""bbox"":[11.577877,50.899983,11.577877,50.899983],""coordinates"":[11.577877,50.899983]}";11,5778767240042;50,8999831272098
46;FALSCH;50884;1_48773;;;;G 185;;Pyrus;PYRUS002;Pyrus communis, Birne;Gewässer;;;2022;;Riese;3;;;2;0;G RIESE;GW;;;;;;5641740,97335581;682951,618546804;POINT (682951.618546804 5641740.97335581);POINT (682951.618546804 5641740.97335581);POINT (11.6017769026744 50.89830797703747);"{""type"":""Point"",""coordinates"":[11.601777,50.898308]}";"{""type"":""Point"",""bbox"":[11.601777,50.898308,11.601777,50.898308],""coordinates"":[11.601777,50.898308]}";11,6017769026744;50,8983079770375
128;FALSCH;50922;1_48811;;;; 206;;Gleditsia;GLEDI002;Gleditsia triacanthos 'Skyline', Lederhülsenbaum;Grün- und Parkanlagen;;;2022;;Oberaue/Volkspark;5;5;16;1;0;P1;SW;;;;;;5643771,637915;681884,732927;POINT (681884.732927 5643771.637915);POINT (681884.732927 5643771.637915);POINT (11.587633009486867 50.91688737596346);"{""type"":""Point"",""coordinates"":[11.587633,50.916887]}";"{""type"":""Point"",""bbox"":[11.587633,50.916887,11.587633,50.916887],""coordinates"":[11.587633,50.916887]}";11,5876330094869;50,9168873759635
129;FALSCH;50929;1_48818;;;; 213;;Alnus;ALNUS004;Alnus x spaethii, Purpur-Erle;Grün- und Parkanlagen;;;2022;;Oberaue/Volkspark;5;5;16;1;0;P1;SW;;;;;;5643808,371072;681870,434611;POINT (681870.434611 5643808.371072);POINT (681870.434611 5643808.371072);POINT (11.587448124024599 50.9172218723492);"{""type"":""Point"",""coordinates"":[11.587448,50.917222]}";"{""type"":""Point"",""bbox"":[11.587448,50.917222,11.587448,50.917222],""coordinates"":[11.587448,50.917222]}";11,5874481240246;50,9172218723492
130;FALSCH;50935;1_48824;;;; 893;;Carpinus;CARPI002;Carpinus betulus, Hainbuche,Weißbuche;Grün- und Parkanlagen;;;2022;;Oberaue/Volkspark;5;5;16;1;0;P1;SW;;;;;;5643775,639391;681856,747325;POINT (681856.747325 5643775.639391);POINT (681856.747325 5643775.639391);POINT (11.587237293177665 50.91693214189552);"{""type"":""Point"",""coordinates"":[11.587237,50.916932]}";"{""type"":""Point"",""bbox"":[11.587237,50.916932,11.587237,50.916932],""coordinates"":[11.587237,50.916932]}";11,5872372931777;50,9169321418955
71;FALSCH;50952;1_48841;;;; 40;;Fraxinus;FRAXI010;Fraxinus pennsylvanica 'Summit', Rot-Esche;Straßenbegleitgrün;;;2022;;Hugo-Schrade-Str.;5;5;16;1;0;8632;SW;;;;;;5641279,52207793;681532,091623181;POINT (681532.091623181 5641279.522077927);POINT (681532.091623181 5641279.522077927);POINT (11.581382283810216 50.894610462304975);"{""type"":""Point"",""coordinates"":[11.581382,50.89461]}";"{""type"":""Point"",""bbox"":[11.581382,50.894610,11.581382,50.894610],""coordinates"":[11.581382,50.89461]}";11,5813822838102;50,894610462305
74;FALSCH;51166;1_49055;;;; 250;;Sophora;SOPHORA;Sophora japonica, Japanischer Schnurbaum;Grün- und Parkanlagen;;;2022;;Wasserachse Winzerla;4;13;41;2;1;100701;SW;;;;;;5641542,45255722;680860,547419238;POINT (680860.5474192383 5641542.4525572155);POINT (680860.5474192383 5641542.4525572155);POINT (11.571973429092434 50.89718319083676);"{""type"":""Point"",""coordinates"":[11.571973,50.897183]}";"{""type"":""Point"",""bbox"":[11.571973,50.897183,11.571973,50.897183],""coordinates"":[11.571973,50.897183]}";11,5719734290924;50,8971831908368
134;FALSCH;51167;1_49056;;;; 251;;Sophora;SOPHORA;Sophora japonica, Japanischer Schnurbaum;Grün- und Parkanlagen;;;2022;;Wasserachse Winzerla;5;10;31;2;1;100701;SW;;;;;;5641567,45568224;680846,127627557;POINT (680846.1276275568 5641567.455682241);POINT (680846.1276275568 5641567.455682241);POINT (11.57178096965481 50.89741232414071);"{""type"":""Point"",""coordinates"":[11.571781,50.897412]}";"{""type"":""Point"",""bbox"":[11.571781,50.897412,11.571781,50.897412],""coordinates"":[11.571781,50.897412]}";11,5717809696548;50,8974123241407
145;FALSCH;51683;1_49574;;;; 3;;Pterocarya;PTERO001;Pterocarya fraxinifolia, Kaukasische Flügelnuß;Spielplätze; ;;2021;;4.09 Zuckerstraße;4;6;19;1;0;S527;SW;;;;;;5641959,15881092;680861,692185023;POINT (680861.6921850225 5641959.158810916);POINT (680861.6921850225 5641959.158810916);POINT (11.57219605827128 50.90092634932968);"{""type"":""Point"",""coordinates"":[11.572196,50.900926]}";"{""type"":""Point"",""bbox"":[11.572196,50.900926,11.572196,50.900926],""coordinates"":[11.572196,50.900926]}";11,5721960582713;50,9009263493297
52;FALSCH;51725;1_49616;;;; 813;;Picea;PICEA001;Picea abies, Gemeine Fichte;Grün- und Parkanlagen; ;;2021;;Drackendorfer Park;4;5;16;1,5;0;DRACKEND;SO;;;;;;5640639,28967708;684989,173079117;POINT (684989.1730791171 5640639.289677083);POINT (684989.1730791171 5640639.289677083);POINT (11.630162913196079 50.88776230254837);"{""type"":""Point"",""coordinates"":[11.630163,50.887762]}";"{""type"":""Point"",""bbox"":[11.630163,50.887762,11.630163,50.887762],""coordinates"":[11.630163,50.887762]}";11,6301629131961;50,8877623025484
51;FALSCH;51742;1_49633;;;; 830;;Carpinus;CARPI002;Carpinus betulus, Hainbuche,Weißbuche;Grün- und Parkanlagen; ;;2021;;Drackendorfer Park;4;5;16;1,5;0;DRACKEND;SO;;;;;;5640503,42613528;684797,350162253;POINT (684797.3501622528 5640503.4261352755);POINT (684797.3501622528 5640503.4261352755);POINT (11.627369953324584 50.886603199846576);"{""type"":""Point"",""coordinates"":[11.62737,50.886603]}";"{""type"":""Point"",""bbox"":[11.627370,50.886603,11.627370,50.886603],""coordinates"":[11.62737,50.886603]}";11,6273699533246;50,8866031998466
64;FALSCH;51859;1_49750;;;; 110;;Quercus;QUERC004;Quercus robur 'Fastigiata', Pyramideneiche;Straßenbegleitgrün;;;2022;Südzufahrt Stadion;Stadtrodaer Str.;4;6;19;1;0;714;SO;;;;;;5643040,29538542;681766,689780549;POINT (681766.6897805489 5643040.295385418);POINT (681766.6897805489 5643040.295385418);POINT (11.585591165070317 50.9103545725159);"{""type"":""Point"",""coordinates"":[11.585591,50.910355]}";"{""type"":""Point"",""bbox"":[11.585591,50.910355,11.585591,50.910355],""coordinates"":[11.585591,50.910355]}";11,5855911650703;50,9103545725159
117;FALSCH;52003;1_49904;;;; 11;;Acer;ACER 013;Acer platanoides, Spitzahorn;Grün- und Parkanlagen;;;2023;;Solarpark Ilmnitz;3;5;15;1;0;SOLAR I;SO;;;;;;5640421,3836602;685932,513023763;POINT (685932.5130237634 5640421.383660203);POINT (685932.5130237634 5640421.383660203);POINT (11.643449177792217 50.88550201480303);"{""type"":""Point"",""coordinates"":[11.643449,50.885502]}";"{""type"":""Point"",""bbox"":[11.643449,50.885502,11.643449,50.885502],""coordinates"":[11.643449,50.885502]}";11,6434491777922;50,885502014803
118;FALSCH;52010;1_49911;;;; 58;;Acer;ACER 001;Acer campestre, Feldahorn;Grün- und Parkanlagen;;;2023;;Solarpark Ilmnitz;3;5;15;1;0;SOLAR I;SO;;;;;;5640396,64511851;685880,853127878;POINT (685880.8531278777 5640396.645118511);POINT (685880.8531278777 5640396.645118511);POINT (11.642702969654817 50.88529640762162);"{""type"":""Point"",""coordinates"":[11.642703,50.885296]}";"{""type"":""Point"",""bbox"":[11.642703,50.885296,11.642703,50.885296],""coordinates"":[11.642703,50.885296]}";11,6427029696548;50,8852964076216
119;FALSCH;52011;1_49912;;;; 71;;Acer;ACER 013;Acer platanoides, Spitzahorn;Grün- und Parkanlagen;;;2023;;Solarpark Ilmnitz;3;5;15;1;0;SOLAR I;SO;;;;;;5640443,90911015;685969,681900005;POINT (685969.6819000049 5640443.909110151);POINT (685969.6819000049 5640443.909110151);POINT (11.643988477317995 50.88569240101035);"{""type"":""Point"",""coordinates"":[11.643988,50.885692]}";"{""type"":""Point"",""bbox"":[11.643988,50.885692,11.643988,50.885692],""coordinates"":[11.643988,50.885692]}";11,643988477318;50,8856924010104
120;FALSCH;52021;1_49922;;;; 81;;Carpinus;CARPI002;Carpinus betulus, Hainbuche,Weißbuche;Grün- und Parkanlagen;;;2023;;Solarpark Ilmnitz;3;5;15;1;0;SOLAR I;SO;;;;;;5640416,26015179;685903,602212438;POINT (685903.6022124378 5640416.26015179);POINT (685903.6022124378 5640416.26015179);POINT (11.64303600687409 50.8854652925029);"{""type"":""Point"",""coordinates"":[11.643036,50.885465]}";"{""type"":""Point"",""bbox"":[11.643036,50.885465,11.643036,50.885465],""coordinates"":[11.643036,50.885465]}";11,6430360068741;50,8854652925029
121;FALSCH;52030;1_49931;;;; 90;;Carpinus;CARPI002;Carpinus betulus, Hainbuche,Weißbuche;Grün- und Parkanlagen;;;2023;;Solarpark Ilmnitz;3;5;15;1;0;SOLAR I;SO;;;;;;5640390,7278601;685844,335545711;POINT (685844.335545711 5640390.727860097);POINT (685844.335545711 5640390.727860097);POINT (11.642181373530555 50.885254999005);"{""type"":""Point"",""coordinates"":[11.642181,50.885255]}";"{""type"":""Point"",""bbox"":[11.642181,50.885255,11.642181,50.885255],""coordinates"":[11.642181,50.885255]}";11,6421813735306;50,885254999005
62;FALSCH;52040;1_49941;;;; 330;;Tilia;TILIA008;Tilia tomentosa ‘Brabant‘, Silber-Linde;Grün- und Parkanlagen;;;2023;;Lobdeburgtunnel;3;5;15;1;0;GA LBT;SO;;;;;;5639831,22959403;683973,538287902;POINT (683973.538287902 5639831.229594032);POINT (683973.538287902 5639831.229594032);POINT (11.615332092829101 50.88082756243053);"{""type"":""Point"",""coordinates"":[11.615332,50.880828]}";"{""type"":""Point"",""bbox"":[11.615332,50.880828,11.615332,50.880828],""coordinates"":[11.615332,50.880828]}";11,6153320928291;50,8808275624305
77;FALSCH;52145;1_50046;;;; 1;;Ulmus;ULMUS006;Ulmus 'New Horizon', Resista Ulme;Straßenbegleitgrün;;;2022;;Rudolstädter Str.;6;8;25;1;0;8465;SW;;;;;;5642806,987183;681121,256696;POINT (681121.256696 5642806.987183);POINT (681121.256696 5642806.987183);POINT (11.576304183631677 50.908461505237916);"{""type"":""Point"",""coordinates"":[11.576304,50.908462]}";"{""type"":""Point"",""bbox"":[11.576304,50.908462,11.576304,50.908462],""coordinates"":[11.576304,50.908462]}";11,5763041836317;50,9084615052379
82;FALSCH;52175;1_50076;;;Regelkontrolle; 28;24.04.2023;Tilia;TILIA002;Tilia cordata 'Rancho';Straßenbegleitgrün;;HR;2022;;Kahlaische Str.;5;8;25;1;0;305;SW;;;;;;5644251,0409;681432,651463;POINT (681432.651463 5644251.0409);POINT (681432.651463 5644251.0409);POINT (11.581446773443846 50.92133638318133);"{""type"":""Point"",""coordinates"":[11.581447,50.921336]}";"{""type"":""Point"",""bbox"":[11.581447,50.921336,11.581447,50.921336],""coordinates"":[11.581447,50.921336]}";11,5814467734438;50,9213363831813
89;FALSCH;52180;1_50081;;;Regelkontrolle; 32;15.05.2023;Tilia;TILIA002;Tilia cordata 'Rancho';Straßenbegleitgrün;;HR;2022;;Forstweg;5;8;25;1;0;176;Z;;;;;;5644802,98871689;681084,492380724;POINT (681084.492380724 5644802.98871689);POINT (681084.492380724 5644802.98871689);POINT (11.576772549635084 50.92640417634735);"{""type"":""Point"",""coordinates"":[11.576773,50.926404]}";"{""type"":""Point"",""bbox"":[11.576773,50.926404,11.576773,50.926404],""coordinates"":[11.576773,50.926404]}";11,5767725496351;50,9264041763474
90;FALSCH;52182;1_50083;;;Regelkontrolle; 37;15.05.2023;Tilia;TILIA002;Tilia cordata 'Rancho';Straßenbegleitgrün;;HR;2022;;Forstweg;8;8;25;1;0;176;Z;;;;;;5644796,619;681026,611;POINT (681026.611 5644796.619);POINT (681026.611 5644796.619);POINT (11.575946644406455 50.92636511796173);"{""type"":""Point"",""coordinates"":[11.575947,50.926365]}";"{""type"":""Point"",""bbox"":[11.575947,50.926365,11.575947,50.926365],""coordinates"":[11.575947,50.926365]}";11,5759466444065;50,9263651179617
101;FALSCH;52184;1_50085;;;; 13;;Gleditsia;GLEDI002;Gleditsia triacanthos 'Skyline', Lederhülsenbaum;Straßenbegleitgrün;;;2022;;Kollegiengasse;5;8;25;2;0;332;Z;;;;;;5645037,01;681646,899;POINT (681646.899 5645037.01);POINT (681646.899 5645037.01);POINT (11.584883303656884 50.928329702169705);"{""type"":""Point"",""coordinates"":[11.584883,50.92833]}";"{""type"":""Point"",""bbox"":[11.584883,50.928330,11.584883,50.928330],""coordinates"":[11.584883,50.92833]}";11,5848833036569;50,9283297021697
143;FALSCH;52186;1_50087;;;; 2;;Prunus;PRUNU006;Prunus maackii 'Amber Beauty', Amurkirsche;Straßenbegleitgrün;;;2022;;Saalstr.;5;8;25;1;0;467;Z;;;;;;5645089,085;681961,724;POINT (681961.724 5645089.085);POINT (681961.724 5645089.085);POINT (11.589384449395565 50.928698301829336);"{""type"":""Point"",""coordinates"":[11.589384,50.928698]}";"{""type"":""Point"",""bbox"":[11.589384,50.928698,11.589384,50.928698],""coordinates"":[11.589384,50.928698]}";11,5893844493956;50,9286983018293
102;FALSCH;52187;1_50088;;;; 1;;Amelanchier;AMELA001;Amelanchier laevis 'Ballarina', Kupfer-Felsenbirne Ballerina;Straßenbegleitgrün;;;2022;;Propstei;5;8;25;1;0;3121;Z;;;;;;5645128,484;681924,248;POINT (681924.248 5645128.484);POINT (681924.248 5645128.484);POINT (11.588871393461824 50.92906405881665);"{""type"":""Point"",""coordinates"":[11.588871,50.929064]}";"{""type"":""Point"",""bbox"":[11.588871,50.929064,11.588871,50.929064],""coordinates"":[11.588871,50.929064]}";11,5888713934618;50,9290640588167
98;FALSCH;52188;1_50089;;;; 2;;Tilia;TILIA002;Tilia cordata 'Rancho';Straßenbegleitgrün;;;2022;;Fürstengraben;5;8;25;1;0;650;Z;;;;;;5645230,17014271;681910,183732794;POINT (681910.1837327936 5645230.170142714);POINT (681910.1837327936 5645230.170142714);POINT (11.58872220878718 50.92998198341232);"{""type"":""Point"",""coordinates"":[11.588722,50.929982]}";"{""type"":""Point"",""bbox"":[11.588722,50.929982,11.588722,50.929982],""coordinates"":[11.588722,50.929982]}";11,5887222087872;50,9299819834123
158;FALSCH;52190;1_50091;;;; 11;;Tilia;TILIA002;Tilia cordata 'Rancho';Straßenbegleitgrün;;;2022;;Fürstengraben;5;8;25;1;0;650;Z;;;;;;5645230,32561842;681895,490311741;POINT (681895.490311741 5645230.325618421);POINT (681895.490311741 5645230.325618421);POINT (11.588513415789599 50.92998801329376);"{""type"":""Point"",""coordinates"":[11.588513,50.929988]}";"{""type"":""Point"",""bbox"":[11.588513,50.929988,11.588513,50.929988],""coordinates"":[11.588513,50.929988]}";11,5885134157896;50,9299880132938
99;FALSCH;52193;1_50094;;;; 68;;Quercus;QUERC006;Quercus rubra, Roteiche;Grün- und Parkanlagen;;;2022;;Fürstengraben, Grünanlage;5;8;25;1;0;GA650;Z;;;;;;5645218,54208347;681897,543703401;POINT (681897.5437034012 5645218.542083469);POINT (681897.5437034012 5645218.542083469);POINT (11.588536725895613 50.92988150935339);"{""type"":""Point"",""coordinates"":[11.588537,50.929882]}";"{""type"":""Point"",""bbox"":[11.588537,50.929882,11.588537,50.929882],""coordinates"":[11.588537,50.929882]}";11,5885367258956;50,9298815093534
21;FALSCH;52197;1_50098;;;; 57;;Corylus;CORYLUS;Corylus colurna, Baumhasel;Straßenbegleitgrün;;;2022;;Karl-Liebknecht-Str.;3;8;24;1;0;308;N;;;;;;5645289,777;682873,448;POINT (682873.448 5645289.777);POINT (682873.448 5645289.777);POINT (11.602445025258861 50.93021289713545);"{""type"":""Point"",""coordinates"":[11.602445,50.930213]}";"{""type"":""Point"",""bbox"":[11.602445,50.930213,11.602445,50.930213],""coordinates"":[11.602445,50.930213]}";11,6024450252589;50,9302128971355
20;FALSCH;52198;1_50099;;;; 30;;Corylus;CORYLUS;Corylus colurna, Baumhasel;Straßenbegleitgrün;;;2022;;Karl-Liebknecht-Str.;3;8;24;1;0;308;N;;;;;;5645253,23;682806,48;POINT (682806.48 5645253.23);POINT (682806.48 5645253.23);POINT (11.601474737718283 50.92990580881963);"{""type"":""Point"",""coordinates"":[11.601475,50.929906]}";"{""type"":""Point"",""bbox"":[11.601475,50.929906,11.601475,50.929906],""coordinates"":[11.601475,50.929906]}";11,6014747377183;50,9299058088196
53;FALSCH;52202;1_50103;;;; 20;;Acer;ACER 025;Acer platanoides 'Eurostar', Spitz-Ahorn;Straßenbegleitgrün;;;2023;;Drackendorfer Str.;5;5;16;2;0;2628;SO;;;;;;5640338,5223933;684799,840784867;POINT (684799.8407848666 5640338.522393295);POINT (684799.8407848666 5640338.522393295);POINT (11.627321943636657 50.885121037664085);"{""type"":""Point"",""coordinates"":[11.627322,50.885121]}";"{""type"":""Point"",""bbox"":[11.627322,50.885121,11.627322,50.885121],""coordinates"":[11.627322,50.885121]}";11,6273219436367;50,8851210376641
54;FALSCH;52208;1_50109;;;; 26;;Acer;ACER 025;Acer platanoides 'Eurostar', Spitz-Ahorn;Straßenbegleitgrün;;;2023;;Drackendorfer Str.;5;5;16;2;0;2628;SO;;;;;;5640391,52139351;684850,869910735;POINT (684850.8699107345 5640391.521393506);POINT (684850.8699107345 5640391.521393506);POINT (11.628073420135786 50.88558081571457);"{""type"":""Point"",""coordinates"":[11.628073,50.885581]}";"{""type"":""Point"",""bbox"":[11.628073,50.885581,11.628073,50.885581],""coordinates"":[11.628073,50.885581]}";11,6280734201358;50,8855808157146
210;FALSCH;52315;2_50216;;;; 44;;Acer;ACER 023;Acer campestre ‘Elsrijk‘, Feld-Ahorn;Sportflächen;;;2023;Alfred-Diener-Str.;062.011 - Sportplatz - Lobeda West, Alfred-Diener-Str. 2;5;5;16;1;0;062.011;KIJ;;;;;;5640448,630255;683160,638228;POINT (683160.638228 5640448.630255);POINT (683160.638228 5640448.630255);POINT (11.604098216607554 50.88663213134082);"{""type"":""Point"",""coordinates"":[11.604098,50.886632]}";"{""type"":""Point"",""bbox"":[11.604098,50.886632,11.604098,50.886632],""coordinates"":[11.604098,50.886632]}";11,6040982166076;50,8866321313408
67;FALSCH;52326;1_50227;;;; 537;;Aesculus;AESCU004;Aesculus hippocastanum, Roßkastanie;Straßenbegleitgrün;;;2022;Höhe Gärtnerei Boock;Stadtrodaer Str.;4;6;19;1;0;714;SO;;;;;;5641169,01294202;682982,345386342;POINT (682982.3453863424 5641169.01294202);POINT (682982.3453863424 5641169.01294202);POINT (11.601926871556687 50.89316010481893);"{""type"":""Point"",""coordinates"":[11.601927,50.89316]}";"{""type"":""Point"",""bbox"":[11.601927,50.893160,11.601927,50.893160],""coordinates"":[11.601927,50.89316]}";11,6019268715567;50,8931601048189
65;FALSCH;52329;1_50230;;;; 310;;Tilia;TILIA002;Tilia cordata 'Rancho';Straßenbegleitgrün;;;2022;;Stadtrodaer Str.;4;6;19;1;0;714;SO;;;;;;5642523,899;682097,52;POINT (682097.52 5642523.899);POINT (682097.52 5642523.899);POINT (11.590034402307678 50.905611291159886);"{""type"":""Point"",""coordinates"":[11.590034,50.905611]}";"{""type"":""Point"",""bbox"":[11.590034,50.905611,11.590034,50.905611],""coordinates"":[11.590034,50.905611]}";11,5900344023077;50,9056112911599
66;FALSCH;52333;1_50234;;;; 369;;Tilia;TILIA002;Tilia cordata 'Rancho';Straßenbegleitgrün;;;2022;;Stadtrodaer Str.;4;6;19;1;0;714;SO;;;;;;5642295,08006;682499,173334;POINT (682499.173334 5642295.08006);POINT (682499.173334 5642295.08006);POINT (11.5956266141581 50.90342890039407);"{""type"":""Point"",""coordinates"":[11.595627,50.903429]}";"{""type"":""Point"",""bbox"":[11.595627,50.903429,11.595627,50.903429],""coordinates"":[11.595627,50.903429]}";11,5956266141581;50,9034289003941
69;FALSCH;52350;1_50251;;;; 918;;Tilia;TILIA002;Tilia cordata 'Rancho';Straßenbegleitgrün;;;2022;An der Riese;Stadtrodaer Str.;4;6;19;1;0;714;SO;;;;;;5641807,213;682876,701;POINT (682876.701 5641807.213);POINT (682876.701 5641807.213);POINT (11.600745833108457 50.89892676112748);"{""type"":""Point"",""coordinates"":[11.600746,50.898927]}";"{""type"":""Point"",""bbox"":[11.600746,50.898927,11.600746,50.898927],""coordinates"":[11.600746,50.898927]}";11,6007458331085;50,8989267611275
68;FALSCH;52356;1_50257;;;; 527;;Tilia;TILIA002;Tilia cordata 'Rancho';Straßenbegleitgrün;;;2022;Grünfläche in Höhe der Gärtnerei Boock;Stadtrodaer Str.;4;6;19;1;0;714;SO;;;;;;5641254,05303822;682979,508981505;POINT (682979.5089815045 5641254.053038225);POINT (682979.5089815045 5641254.053038225);POINT (11.601929177868406 50.89392495119473);"{""type"":""Point"",""coordinates"":[11.601929,50.893925]}";"{""type"":""Point"",""bbox"":[11.601929,50.893925,11.601929,50.893925],""coordinates"":[11.601929,50.893925]}";11,6019291778684;50,8939249511947
208;FALSCH;52463;1_50364;;;; 2;;Aesculus;AESCU SP;Aesculus spec., Kastanie;Straßenbegleitgrün;;;;;Anton-Bruckner-Weg;0;;;;;896;N;HIM;;;;;5649511,289;684272,427;POINT (684272.427 5649511.289);POINT (684272.427 5649511.289);POINT (11.624467568340489 50.96769017318926);"{""type"":""Point"",""coordinates"":[11.624468,50.96769]}";"{""type"":""Point"",""bbox"":[11.624468,50.967690,11.624468,50.967690],""coordinates"":[11.624468,50.96769]}";11,6244675683405;50,9676901731893
123;WAHR;;;;;;;;;;;;;;;;;;;;;;;;;;;;;;;POINT (683392.9534610717 5640255.700364887);POINT (683392.9534610717 5640255.700364887);POINT (11.607300712827856 50.88482527912447);"{""type"":""Point"",""coordinates"":[11.607301,50.884825]}";"{""type"":""Point"",""bbox"":[11.607301,50.884825,11.607301,50.884825],""coordinates"":[11.607301,50.884825]}";11,6073007128279;50,8848252791245
122;WAHR;;;;;;;;;;;;;;;;;;;;;;;;;;;;;;;POINT (683362.9303689105 5640223.993618722);POINT (683362.9303689105 5640223.993618722);POINT (11.606858439877575 50.8845499743775);"{""type"":""Point"",""coordinates"":[11.606858,50.88455]}";"{""type"":""Point"",""bbox"":[11.606858,50.884550,11.606858,50.884550],""coordinates"":[11.606858,50.88455]}";11,6068584398776;50,8845499743775
31;FALSCH;;;;;;;;;;;;;;;;;;;;;;;;;;;;;;;POINT (683084.571 5645972.638);POINT (683084.571 5645972.638);POINT (11.605789164398121 50.93628027386888);"{""type"":""Point"",""coordinates"":[11.605789,50.93628]}";"{""type"":""Point"",""bbox"":[11.605789,50.936280,11.605789,50.936280],""coordinates"":[11.605789,50.93628]}";11,6057891643981;50,9362802738689
